--tables for insert HOSTS, USERS, ETRIES, ETRIES_HOSTS,  HEARTS, HEARTS_DETAILS
INSERT INTO hosts(id, name, entries_count, karma, created_at, updated_at) VALUES ('42', 'piccsy.com', '0', '0', '2012-02-13 04:17:02.625718', '2012-02-13 04:17:02.625718');

INSERT INTO users(id, username, password_hash, name, email, bio, location, link, legacy_avatar, avatar_file_name, avatar_content_type, avatar_file_size, avatar_updated_at, email_follow, email_new_message, email_newsletter, newsletter_type, show_unsafe_content, hearts_count, created_at, updated_at, following_count, followers_count, ip_sign_up, ip_last_login, username_lower, twitter, facebook_id, last_login, location_city, location_country) VALUES ('25', 'bob', '4ed0dc1134f41aea17075f63dac8e785', 'bob', 'bob_marly@yahoo.com', '', '', '', '', null, null, null, null, 't', 'f', 't', '0', 'f', '0', '2012-02-14 05:35:21.575398', '2012-02-14 05:35:21.575398', '0', '0', '2130706433', '2130706433', 'bob', null, null, null, null, null);

INSERT INTO users(id, username, password_hash, name, email, bio, location, link, legacy_avatar, avatar_file_name, avatar_content_type, avatar_file_size, avatar_updated_at, email_follow, email_new_message, email_newsletter, newsletter_type, show_unsafe_content, hearts_count, created_at, updated_at, following_count, followers_count, ip_sign_up, ip_last_login, username_lower, twitter, facebook_id, last_login, location_city, location_country) VALUES ('26', 'mikle', '4ed0dc1134f41aea17075f63dac8e785', 'mikle', 'mikle_jakson@yahoo.com', '', '', '', '', null, null, null, null, 't', 'f', 't', '0', 'f', '0', '2012-02-15 05:35:21.575398', '2012-02-15 05:35:21.575398', '0', '0', '2130706433', '2130706433', 'mikle', null, null, null, null, null);

INSERT INTO users(id, username, password_hash, name, email, bio, location, link, legacy_avatar, avatar_file_name, avatar_content_type, avatar_file_size, avatar_updated_at, email_follow, email_new_message, email_newsletter, newsletter_type, show_unsafe_content, hearts_count, created_at, updated_at, following_count, followers_count, ip_sign_up, ip_last_login, username_lower, twitter, facebook_id, last_login, location_city, location_country) VALUES ('27', 'janet', '4ed0dc1134f41aea17075f63dac8e785', 'janet', 'janet_jackson@yahoo.com', '', '', '', '', null, null, null, null, 't', 'f', 't', '0', 'f', '0', '2012-02-16 05:35:21.575398', '2012-02-16 05:35:21.575398', '0', '0', '2130706433', '2130706433', 'janet', null, null, null, null, null);

INSERT INTO users(id, username, password_hash, name, email, bio, location, link, legacy_avatar, avatar_file_name, avatar_content_type, avatar_file_size, avatar_updated_at, email_follow, email_new_message, email_newsletter, newsletter_type, show_unsafe_content, hearts_count, created_at, updated_at, following_count, followers_count, ip_sign_up, ip_last_login, username_lower, twitter, facebook_id, last_login, location_city, location_country) VALUES ('28', 'willis', '4ed0dc1134f41aea17075f63dac8e785', 'willis', 'bruce_willis@yahoo.com', '', '', '', '', null, null, null, null, 't', 'f', 't', '0', 'f', '0', '2012-02-17 05:35:21.575398', '2012-02-17 05:35:21.575398', '0', '0', '2130706433', '2130706433', 'willis', null, null, null, null, null);

INSERT INTO users(id, username, password_hash, name, email, bio, location, link, legacy_avatar, avatar_file_name, avatar_content_type, avatar_file_size, avatar_updated_at, email_follow, email_new_message, email_newsletter, newsletter_type, show_unsafe_content, hearts_count, created_at, updated_at, following_count, followers_count, ip_sign_up, ip_last_login, username_lower, twitter, facebook_id, last_login, location_city, location_country) VALUES ('29', 'jane', '4ed0dc1134f41aea17075f63dac8e785', 'jane', 'jane@yahoo.com', '', '', '', '', null, null, null, null, 't', 'f', 't', '0', 'f', '0', '2012-02-18 05:35:21.575398', '2012-02-18 05:35:21.575398', '0', '0', '2130706433', '2130706433', 'jane', null, null, null, null, null);

INSERT INTO entries(id, user_id, media_type, title, via, legacy_remote_url, legacy_file_name, image_remote_url, image_file_name, image_content_type, image_file_size, image_updated_at, video_id, checked, unsafe, alerter_id, hearts_count, created_at, updated_at, exclude_reason) VALUES ('64', '25', '1', 'Piccsy :: Recent posts', 'http://piccsy.com/', '', '', 'http://images.piccsy.com/cache/images/one-afternoon-232781-320-321.jpg', 'one-afternoon-232781-320-321.jpg', 'image/jpeg', '51086', '2012-02-13 04:17:02.232044', '', 'f', '0', null, '1', '2012-02-13 04:17:02.505043', '2012-02-13 04:17:07.216231', null);
INSERT INTO entries(id, user_id, media_type, title, via, legacy_remote_url, legacy_file_name, image_remote_url, image_file_name, image_content_type, image_file_size, image_updated_at, video_id, checked, unsafe, alerter_id, hearts_count, created_at, updated_at, exclude_reason) VALUES ('65', '25', '1', 'Piccsy :: Recent posts', 'http://piccsy.com/', '', '', 'http://images.piccsy.com/cache/images/darwin-d32ejiwa-232808-320-240.jpg', 'darwin-d32ejiwa-232808-320-240.jpg', 'image/jpeg', '15846', '2012-02-13 04:17:39.644756', '', 'f', '0', null, '1', '2012-02-13 04:17:39.813378', '2012-02-13 04:17:44.093024', null);
INSERT INTO entries(id, user_id, media_type, title, via, legacy_remote_url, legacy_file_name, image_remote_url, image_file_name, image_content_type, image_file_size, image_updated_at, video_id, checked, unsafe, alerter_id, hearts_count, created_at, updated_at, exclude_reason) VALUES ('66', '25', '1', 'Piccsy :: Recent posts', 'http://piccsy.com/', '', '', 'http://images.piccsy.com/cache/images/picc-cz2ly4jk-232738-320-437.jpg', 'picc-cz2ly4jk-232738-320-437.jpg', 'image/jpeg', '32591', '2012-02-13 04:18:21.157459', '', 'f', '0', null, '1', '2012-02-13 04:18:21.337495', '2012-02-13 04:18:25.979404', null);
INSERT INTO entries(id, user_id, media_type, title, via, legacy_remote_url, legacy_file_name, image_remote_url, image_file_name, image_content_type, image_file_size, image_updated_at, video_id, checked, unsafe, alerter_id, hearts_count, created_at, updated_at, exclude_reason) VALUES ('67', '25', '1', 'Piccsy :: Recent posts', 'http://piccsy.com/', '', '', 'http://images.piccsy.com/cache/images/untitled-cxt7nigu-232707-320-234.jpg', 'untitled-cxt7nigu-232707-320-234.jpg', 'image/jpeg', '24893', '2012-02-13 04:18:51.944671', '', 'f', '0', null, '1', '2012-02-13 04:18:52.122875', '2012-02-13 04:18:56.057635', null);
INSERT INTO entries(id, user_id, media_type, title, via, legacy_remote_url, legacy_file_name, image_remote_url, image_file_name, image_content_type, image_file_size, image_updated_at, video_id, checked, unsafe, alerter_id, hearts_count, created_at, updated_at, exclude_reason) VALUES ('68', '25', '1', 'Piccsy :: Recent posts', 'http://piccsy.com/', '', '', 'http://images.piccsy.com/cache/images/scissors-lock-232662-320-314.jpg', 'scissors-lock-232662-320-314.jpg', 'image/jpeg', '21241', '2012-02-13 04:19:51.593005', '', 'f', '0', null, '1', '2012-02-13 04:19:51.764516', '2012-02-13 04:19:55.853135', null);
INSERT INTO entries(id, user_id, media_type, title, via, legacy_remote_url, legacy_file_name, image_remote_url, image_file_name, image_content_type, image_file_size, image_updated_at, video_id, checked, unsafe, alerter_id, hearts_count, created_at, updated_at, exclude_reason) VALUES ('69', '25', '1', 'Piccsy :: Recent posts', 'http://piccsy.com/?page=2', '', '', 'http://images.piccsy.com/cache/images/picc-3jvjt6f7h-232612-320-467.jpg', 'picc-3jvjt6f7h-232612-320-467.jpg', 'image/jpeg', '31457', '2012-02-13 04:20:43.915176', '', 'f', '0', null, '1', '2012-02-13 04:20:44.106815', '2012-02-13 04:20:48.739493', null);
INSERT INTO entries(id, user_id, media_type, title, via, legacy_remote_url, legacy_file_name, image_remote_url, image_file_name, image_content_type, image_file_size, image_updated_at, video_id, checked, unsafe, alerter_id, hearts_count, created_at, updated_at, exclude_reason) VALUES ('70', '25', '1', 'Piccsy :: Recent posts', 'http://piccsy.com/?page=2', '', '', 'http://images.piccsy.com/cache/images/picc-3jo472ds1-232603-320-412.jpg', 'picc-3jo472ds1-232603-320-412.jpg', 'image/jpeg', '48136', '2012-02-13 04:20:51.680473', '', 'f', '0', null, '1', '2012-02-13 04:20:51.851892', '2012-02-13 04:20:56.311498', null);
INSERT INTO entries(id, user_id, media_type, title, via, legacy_remote_url, legacy_file_name, image_remote_url, image_file_name, image_content_type, image_file_size, image_updated_at, video_id, checked, unsafe, alerter_id, hearts_count, created_at, updated_at, exclude_reason) VALUES ('71', '25', '1', 'Piccsy :: Recent posts', 'http://piccsy.com/?page=2', '', '', 'http://images.piccsy.com/cache/images/picc-3jnm27c5d-232601-320-213.jpg', 'picc-3jnm27c5d-232601-320-213.jpg', 'image/jpeg', '23880', '2012-02-13 04:22:06.110164', '', 'f', '0', null, '1', '2012-02-13 04:22:06.419856', '2012-02-13 04:22:10.320478', null);
INSERT INTO entries(id, user_id, media_type, title, via, legacy_remote_url, legacy_file_name, image_remote_url, image_file_name, image_content_type, image_file_size, image_updated_at, video_id, checked, unsafe, alerter_id, hearts_count, created_at, updated_at, exclude_reason) VALUES ('72', '25', '1', 'Piccsy :: Recent posts', 'http://piccsy.com/?page=2', '', '', 'http://images.piccsy.com/cache/images/dmitri-kessel2001--a-space-odyssey-232593-320-456.jpg', 'dmitri-kessel2001--a-space-odyssey-232593-320-456.jpg', 'image/jpeg', '40327', '2012-02-13 04:22:14.184097', '', 'f', '0', null, '1', '2012-02-13 04:22:14.444018', '2012-02-13 04:22:18.758799', null);
INSERT INTO entries(id, user_id, media_type, title, via, legacy_remote_url, legacy_file_name, image_remote_url, image_file_name, image_content_type, image_file_size, image_updated_at, video_id, checked, unsafe, alerter_id, hearts_count, created_at, updated_at, exclude_reason) VALUES ('73', '25', '1', 'Piccsy :: Recent posts', 'http://piccsy.com/?page=2', '', '', 'http://images.piccsy.com/cache/images/picc-ze1p9lvth-232586-320-480.jpg', 'picc-ze1p9lvth-232586-320-480.jpg', 'image/jpeg', '30827', '2012-02-13 04:22:21.962887', '', 'f', '0', null, '1', '2012-02-13 04:22:22.142409', '2012-02-13 04:22:26.376666', null);
INSERT INTO entries(id, user_id, media_type, title, via, legacy_remote_url, legacy_file_name, image_remote_url, image_file_name, image_content_type, image_file_size, image_updated_at, video_id, checked, unsafe, alerter_id, hearts_count, created_at, updated_at, exclude_reason) VALUES ('74', '25', '1', 'Piccsy :: Recent posts', 'http://piccsy.com/?page=2', '', '', 'http://images.piccsy.com/cache/images/untitled-ze0poj1w7-232585-320-465.jpg', 'untitled-ze0poj1w7-232585-320-465.jpg', 'image/jpeg', '10407', '2012-02-13 04:22:55.533149', '', 'f', '0', null, '1', '2012-02-13 04:22:55.790002', '2012-02-13 04:22:59.119177', null);
INSERT INTO entries(id, user_id, media_type, title, via, legacy_remote_url, legacy_file_name, image_remote_url, image_file_name, image_content_type, image_file_size, image_updated_at, video_id, checked, unsafe, alerter_id, hearts_count, created_at, updated_at, exclude_reason) VALUES ('75', '25', '1', 'Piccsy :: Recent posts', 'http://piccsy.com/?page=2', '', '', 'http://images.piccsy.com/cache/images/mario-de-biasitram-milan-1950s-232580-320-422.jpg', 'mario-de-biasitram-milan-1950s-232580-320-422.jpg', 'image/jpeg', '27992', '2012-02-13 04:23:49.731714', '', 'f', '0', null, '1', '2012-02-13 04:23:49.911056', '2012-02-13 04:23:54.298396', null);
INSERT INTO entries(id, user_id, media_type, title, via, legacy_remote_url, legacy_file_name, image_remote_url, image_file_name, image_content_type, image_file_size, image_updated_at, video_id, checked, unsafe, alerter_id, hearts_count, created_at, updated_at, exclude_reason) VALUES ('76', '25', '1', 'Piccsy :: Recent posts', 'http://piccsy.com/?page=2', '', '', 'http://images.piccsy.com/cache/images/picc-zb45udt78-232578-320-244.jpg', 'picc-zb45udt78-232578-320-244.jpg', 'image/jpeg', '30775', '2012-02-13 04:23:57.883601', '', 'f', '0', null, '1', '2012-02-13 04:23:58.048934', '2012-02-13 04:24:02.517169', null);
INSERT INTO entries(id, user_id, media_type, title, via, legacy_remote_url, legacy_file_name, image_remote_url, image_file_name, image_content_type, image_file_size, image_updated_at, video_id, checked, unsafe, alerter_id, hearts_count, created_at, updated_at, exclude_reason) VALUES ('77', '25', '1', 'Piccsy :: Recent posts', 'http://piccsy.com/?page=2', '', '', 'http://images.piccsy.com/cache/images/little-miss-sunshine-zaqhsgv9h-232574-320-453.jpg', 'little-miss-sunshine-zaqhsgv9h-232574-320-453.jpg', 'image/jpeg', '27282', '2012-02-13 04:24:04.966398', '', 'f', '0', null, '1', '2012-02-13 04:24:05.148851', '2012-02-13 04:24:09.946670', null);
INSERT INTO entries(id, user_id, media_type, title, via, legacy_remote_url, legacy_file_name, image_remote_url, image_file_name, image_content_type, image_file_size, image_updated_at, video_id, checked, unsafe, alerter_id, hearts_count, created_at, updated_at, exclude_reason) VALUES ('78', '25', '1', 'Piccsy :: Recent posts', 'http://piccsy.com/?page=2', '', '', 'http://images.piccsy.com/cache/images/singing-in-the-rain-zajv5bz7s-232571-320-453.jpg', 'singing-in-the-rain-zajv5bz7s-232571-320-453.jpg', 'image/jpeg', '51682', '2012-02-13 04:24:40.759827', '', 'f', '0', null, '1', '2012-02-13 04:24:40.952799', '2012-02-13 04:24:44.950881', null);
INSERT INTO entries(id, user_id, media_type, title, via, legacy_remote_url, legacy_file_name, image_remote_url, image_file_name, image_content_type, image_file_size, image_updated_at, video_id, checked, unsafe, alerter_id, hearts_count, created_at, updated_at, exclude_reason) VALUES ('79', '25', '1', 'Piccsy :: Recent posts', 'http://piccsy.com/?page=2', '', '', 'http://images.piccsy.com/cache/images/picc-coybcbup-232561-320-320.jpg', 'picc-coybcbup-232561-320-320.jpg', 'image/jpeg', '22883', '2012-02-13 04:24:46.985971', '', 'f', '0', null, '1', '2012-02-13 04:24:47.152274', '2012-02-13 04:24:50.847653', null);
INSERT INTO entries(id, user_id, media_type, title, via, legacy_remote_url, legacy_file_name, image_remote_url, image_file_name, image_content_type, image_file_size, image_updated_at, video_id, checked, unsafe, alerter_id, hearts_count, created_at, updated_at, exclude_reason) VALUES ('80', '25', '1', 'Piccsy :: Recent posts', 'http://piccsy.com/?page=2', '', '', 'http://images.piccsy.com/cache/images/picc-z96ceumpv-232558-320-560.jpg', 'picc-z96ceumpv-232558-320-560.jpg', 'image/jpeg', '35131', '2012-02-13 04:24:55.472845', '', 'f', '0', null, '1', '2012-02-13 04:24:55.655527', '2012-02-13 04:25:00.342104', null);
INSERT INTO entries(id, user_id, media_type, title, via, legacy_remote_url, legacy_file_name, image_remote_url, image_file_name, image_content_type, image_file_size, image_updated_at, video_id, checked, unsafe, alerter_id, hearts_count, created_at, updated_at, exclude_reason) VALUES ('81', '25', '1', 'Piccsy :: Recent posts', 'http://piccsy.com/?page=2', '', '', 'http://images.piccsy.com/cache/images/picc-z7f8gpkki-232547-320-481.jpg', 'picc-z7f8gpkki-232547-320-481.jpg', 'image/jpeg', '39024', '2012-02-13 04:28:45.690459', '', 'f', '0', null, '1', '2012-02-13 04:28:46.018754', '2012-02-13 04:28:51.418716', null);
INSERT INTO entries(id, user_id, media_type, title, via, legacy_remote_url, legacy_file_name, image_remote_url, image_file_name, image_content_type, image_file_size, image_updated_at, video_id, checked, unsafe, alerter_id, hearts_count, created_at, updated_at, exclude_reason) VALUES ('82', '25', '1', 'Piccsy :: Recent posts', 'http://piccsy.com/?page=2', '', '', 'http://images.piccsy.com/cache/images/picc-z5kje46il-232541-320-328.jpg', 'picc-z5kje46il-232541-320-328.jpg', 'image/jpeg', '29732', '2012-02-13 04:28:53.216240', '', 'f', '0', null, '1', '2012-02-13 04:28:53.398662', '2012-02-13 04:28:57.725430', null);
INSERT INTO entries(id, user_id, media_type, title, via, legacy_remote_url, legacy_file_name, image_remote_url, image_file_name, image_content_type, image_file_size, image_updated_at, video_id, checked, unsafe, alerter_id, hearts_count, created_at, updated_at, exclude_reason) VALUES ('83', '25', '1', 'Piccsy :: Recent posts', 'http://piccsy.com/?page=2', '', '', 'http://images.piccsy.com/cache/images/picc-z57r7zaen-232535-320-451.jpg', 'picc-z57r7zaen-232535-320-451.jpg', 'image/jpeg', '33576', '2012-02-13 04:29:00.409262', '', 'f', '0', null, '1', '2012-02-13 04:29:00.600087', '2012-02-13 04:29:04.813679', null);
INSERT INTO entries(id, user_id, media_type, title, via, legacy_remote_url, legacy_file_name, image_remote_url, image_file_name, image_content_type, image_file_size, image_updated_at, video_id, checked, unsafe, alerter_id, hearts_count, created_at, updated_at, exclude_reason) VALUES ('84', '26', '1', 'Piccsy :: Recent posts', 'http://piccsy.com/?page=2', '', '', 'http://images.piccsy.com/cache/images/picc-z4siy3tiv-232529-320-225.jpg', 'picc-z4siy3tiv-232529-320-225.jpg', 'image/jpeg', '23602', '2012-02-13 05:11:01.631195', '', 'f', '0', null, '1', '2012-02-13 05:11:01.842533', '2012-02-13 05:11:06.899007', null);
INSERT INTO entries(id, user_id, media_type, title, via, legacy_remote_url, legacy_file_name, image_remote_url, image_file_name, image_content_type, image_file_size, image_updated_at, video_id, checked, unsafe, alerter_id, hearts_count, created_at, updated_at, exclude_reason) VALUES ('85', '26', '1', 'Piccsy :: Recent posts', 'http://piccsy.com/?page=2', '', '', 'http://images.piccsy.com/cache/images/london-fairytales-232528-320-440.jpg', 'london-fairytales-232528-320-440.jpg', 'image/jpeg', '70372', '2012-02-13 05:11:09.025086', '', 'f', '0', null, '1', '2012-02-13 05:11:09.205570', '2012-02-13 05:11:14.202034', null);
INSERT INTO entries(id, user_id, media_type, title, via, legacy_remote_url, legacy_file_name, image_remote_url, image_file_name, image_content_type, image_file_size, image_updated_at, video_id, checked, unsafe, alerter_id, hearts_count, created_at, updated_at, exclude_reason) VALUES ('86', '26', '1', 'Piccsy :: Recent posts', 'http://piccsy.com/?page=2', '', '', 'http://images.piccsy.com/cache/images/picc-z3m4jykxv-232519-320-452.jpg', 'picc-z3m4jykxv-232519-320-452.jpg', 'image/jpeg', '36621', '2012-02-13 05:11:16.181692', '', 'f', '0', null, '1', '2012-02-13 05:11:16.370414', '2012-02-13 05:11:20.715620', null);
INSERT INTO entries(id, user_id, media_type, title, via, legacy_remote_url, legacy_file_name, image_remote_url, image_file_name, image_content_type, image_file_size, image_updated_at, video_id, checked, unsafe, alerter_id, hearts_count, created_at, updated_at, exclude_reason) VALUES ('87', '26', '1', 'Piccsy :: Recent posts', 'http://piccsy.com/?page=3', '', '', 'http://images.piccsy.com/cache/images/aphrodite-ii-232514-320-480.jpg', 'aphrodite-ii-232514-320-480.jpg', 'image/jpeg', '26572', '2012-02-13 05:13:21.473903', '', 'f', '0', null, '1', '2012-02-13 05:13:21.665708', '2012-02-13 05:13:26.302135', null);
INSERT INTO entries(id, user_id, media_type, title, via, legacy_remote_url, legacy_file_name, image_remote_url, image_file_name, image_content_type, image_file_size, image_updated_at, video_id, checked, unsafe, alerter_id, hearts_count, created_at, updated_at, exclude_reason) VALUES ('88', '26', '1', 'Piccsy :: Recent posts', 'http://piccsy.com/?page=3', '', '', 'http://images.piccsy.com/cache/images/picc-z237gpr20-232505-320-240.jpg', 'picc-z237gpr20-232505-320-240.jpg', 'image/jpeg', '16489', '2012-02-13 05:13:27.935850', '', 'f', '0', null, '1', '2012-02-13 05:13:28.095998', '2012-02-13 05:13:31.847674', null);
INSERT INTO entries(id, user_id, media_type, title, via, legacy_remote_url, legacy_file_name, image_remote_url, image_file_name, image_content_type, image_file_size, image_updated_at, video_id, checked, unsafe, alerter_id, hearts_count, created_at, updated_at, exclude_reason) VALUES ('89', '26', '1', 'Piccsy :: Recent posts', 'http://piccsy.com/?page=3', '', '', 'http://images.piccsy.com/cache/images/add-z223k9n0c-232504-320-426.jpg', 'add-z223k9n0c-232504-320-426.jpg', 'image/jpeg', '47846', '2012-02-13 05:13:34.515741', '', 'f', '0', null, '1', '2012-02-13 05:13:34.724797', '2012-02-13 05:13:39.087251', null);
INSERT INTO entries(id, user_id, media_type, title, via, legacy_remote_url, legacy_file_name, image_remote_url, image_file_name, image_content_type, image_file_size, image_updated_at, video_id, checked, unsafe, alerter_id, hearts_count, created_at, updated_at, exclude_reason) VALUES ('90', '26', '1', 'Piccsy :: Recent posts', 'http://piccsy.com/?page=3', '', '', 'http://images.piccsy.com/cache/images/taktsang-tigers-nest-monastery-bhutan-232492-320-482.jpg', 'taktsang-tigers-nest-monastery-bhutan-232492-320-482.jpg', 'image/jpeg', '49094', '2012-02-13 05:14:10.751894', '', 'f', '0', null, '1', '2012-02-13 05:14:10.967941', '2012-02-13 05:14:15.326747', null);
INSERT INTO entries(id, user_id, media_type, title, via, legacy_remote_url, legacy_file_name, image_remote_url, image_file_name, image_content_type, image_file_size, image_updated_at, video_id, checked, unsafe, alerter_id, hearts_count, created_at, updated_at, exclude_reason) VALUES ('91', '26', '1', 'Piccsy :: Recent posts', 'http://piccsy.com/?page=3', '', '', 'http://images.piccsy.com/cache/images/rose-paintings-by-alexei-antonov-232495-320-303.jpg', 'rose-paintings-by-alexei-antonov-232495-320-303.jpg', 'image/jpeg', '24491', '2012-02-13 05:14:17.213958', '', 'f', '0', null, '1', '2012-02-13 05:14:17.406787', '2012-02-13 05:14:21.137226', null);
INSERT INTO entries(id, user_id, media_type, title, via, legacy_remote_url, legacy_file_name, image_remote_url, image_file_name, image_content_type, image_file_size, image_updated_at, video_id, checked, unsafe, alerter_id, hearts_count, created_at, updated_at, exclude_reason) VALUES ('92', '26', '1', 'Piccsy :: Recent posts', 'http://piccsy.com/?page=3', '', '', 'http://images.piccsy.com/cache/images/kim-noorda-by-viktor-vauthier-for-tank-winter-2011-232497-320-426.jpg', 'kim-noorda-by-viktor-vauthier-for-tank-winter-2011-232497-320-426.jpg', 'image/jpeg', '42652', '2012-02-13 05:14:27.858973', '', 'f', '0', null, '1', '2012-02-13 05:14:28.132246', '2012-02-13 05:14:32.325465', null);
INSERT INTO entries(id, user_id, media_type, title, via, legacy_remote_url, legacy_file_name, image_remote_url, image_file_name, image_content_type, image_file_size, image_updated_at, video_id, checked, unsafe, alerter_id, hearts_count, created_at, updated_at, exclude_reason) VALUES ('93', '26', '1', 'Piccsy :: Recent posts', 'http://piccsy.com/?page=3', '', '', 'http://images.piccsy.com/cache/images/a-arte-nas-fotos-de-232478-320-296.jpg', 'a-arte-nas-fotos-de-232478-320-296.jpg', 'image/jpeg', '16504', '2012-02-13 05:15:52.771702', '', 'f', '0', null, '1', '2012-02-13 05:15:53.034335', '2012-02-13 05:15:57.159868', null);
INSERT INTO entries(id, user_id, media_type, title, via, legacy_remote_url, legacy_file_name, image_remote_url, image_file_name, image_content_type, image_file_size, image_updated_at, video_id, checked, unsafe, alerter_id, hearts_count, created_at, updated_at, exclude_reason) VALUES ('94', '26', '1', 'Piccsy :: Recent posts', 'http://piccsy.com/?page=3', '', '', 'http://images.piccsy.com/cache/images/add-ckhm6vte-232474-320-526.jpg', 'add-ckhm6vte-232474-320-526.jpg', 'image/jpeg', '80740', '2012-02-13 05:16:01.429112', '', 'f', '0', null, '1', '2012-02-13 05:16:01.636630', '2012-02-13 05:16:06.546620', null);
INSERT INTO entries(id, user_id, media_type, title, via, legacy_remote_url, legacy_file_name, image_remote_url, image_file_name, image_content_type, image_file_size, image_updated_at, video_id, checked, unsafe, alerter_id, hearts_count, created_at, updated_at, exclude_reason) VALUES ('95', '26', '1', 'Piccsy :: Recent posts', 'http://piccsy.com/?page=3', '', '', 'http://images.piccsy.com/cache/images/add-ywukicroa-232473-320-218.jpg', 'add-ywukicroa-232473-320-218.jpg', 'image/jpeg', '24387', '2012-02-13 05:16:38.625872', '', 'f', '0', null, '1', '2012-02-13 05:16:38.796082', '2012-02-13 05:16:42.580180', null);
INSERT INTO entries(id, user_id, media_type, title, via, legacy_remote_url, legacy_file_name, image_remote_url, image_file_name, image_content_type, image_file_size, image_updated_at, video_id, checked, unsafe, alerter_id, hearts_count, created_at, updated_at, exclude_reason) VALUES ('96', '26', '1', 'Piccsy :: Recent posts', 'http://piccsy.com/?page=3', '', '', 'http://images.piccsy.com/cache/images/lonely-house-by-karolina-kundzicz-232472-320-320.jpg', 'lonely-house-by-karolina-kundzicz-232472-320-320.jpg', 'image/jpeg', '29605', '2012-02-13 05:16:44.326574', '', 'f', '0', null, '1', '2012-02-13 05:16:44.500101', '2012-02-13 05:16:48.793332', null);
INSERT INTO entries(id, user_id, media_type, title, via, legacy_remote_url, legacy_file_name, image_remote_url, image_file_name, image_content_type, image_file_size, image_updated_at, video_id, checked, unsafe, alerter_id, hearts_count, created_at, updated_at, exclude_reason) VALUES ('97', '26', '1', 'Piccsy :: Recent posts', 'http://piccsy.com/?page=3', '', '', 'http://images.piccsy.com/cache/images/foggy-day-by-karolina-kundzicz-232471-320-320.jpg', 'foggy-day-by-karolina-kundzicz-232471-320-320.jpg', 'image/jpeg', '32649', '2012-02-13 05:16:50.615289', '', 'f', '0', null, '1', '2012-02-13 05:16:50.800096', '2012-02-13 05:16:55.196838', null);
INSERT INTO entries(id, user_id, media_type, title, via, legacy_remote_url, legacy_file_name, image_remote_url, image_file_name, image_content_type, image_file_size, image_updated_at, video_id, checked, unsafe, alerter_id, hearts_count, created_at, updated_at, exclude_reason) VALUES ('98', '26', '1', 'Piccsy :: Recent posts', 'http://piccsy.com/?page=4', '', '', 'http://images.piccsy.com/cache/images/what-type-of-animal-is-a-caracal-232455-320-321.jpg', 'what-type-of-animal-is-a-caracal-232455-320-321.jpg', 'image/jpeg', '23861', '2012-02-13 05:17:41.813175', '', 'f', '0', null, '1', '2012-02-13 05:17:41.997848', '2012-02-13 05:17:46.286562', null);
INSERT INTO entries(id, user_id, media_type, title, via, legacy_remote_url, legacy_file_name, image_remote_url, image_file_name, image_content_type, image_file_size, image_updated_at, video_id, checked, unsafe, alerter_id, hearts_count, created_at, updated_at, exclude_reason) VALUES ('99', '26', '1', 'Piccsy :: Recent posts', 'http://piccsy.com/?page=4', '', '', 'http://images.piccsy.com/cache/images/eve-calingaert-artworks-calligraphy-232451-320-318.jpg', 'eve-calingaert-artworks-calligraphy-232451-320-318.jpg', 'image/jpeg', '25459', '2012-02-13 05:17:48.101822', '', 'f', '0', null, '1', '2012-02-13 05:17:48.283181', '2012-02-13 05:17:52.323302', null);
INSERT INTO entries(id, user_id, media_type, title, via, legacy_remote_url, legacy_file_name, image_remote_url, image_file_name, image_content_type, image_file_size, image_updated_at, video_id, checked, unsafe, alerter_id, hearts_count, created_at, updated_at, exclude_reason) VALUES ('100', '26', '1', 'Piccsy :: Recent posts', 'http://piccsy.com/?page=4', '', '', 'http://images.piccsy.com/cache/images/amazing-ytlm48yxv-232449-320-409.jpg', 'amazing-ytlm48yxv-232449-320-409.jpg', 'image/jpeg', '37110', '2012-02-13 05:17:54.535010', '', 'f', '0', null, '1', '2012-02-13 05:17:54.716994', '2012-02-13 05:17:59.073474', null);
INSERT INTO entries(id, user_id, media_type, title, via, legacy_remote_url, legacy_file_name, image_remote_url, image_file_name, image_content_type, image_file_size, image_updated_at, video_id, checked, unsafe, alerter_id, hearts_count, created_at, updated_at, exclude_reason) VALUES ('101', '26', '1', 'Piccsy :: Recent posts', 'http://piccsy.com/?page=4', '', '', 'http://images.piccsy.com/cache/images/picc-ytmtn469p-232448-320-354.jpg', 'picc-ytmtn469p-232448-320-354.jpg', 'image/jpeg', '35813', '2012-02-13 05:24:14.231034', '', 'f', '0', null, '1', '2012-02-13 05:24:14.420603', '2012-02-13 05:24:19.489256', null);
INSERT INTO entries(id, user_id, media_type, title, via, legacy_remote_url, legacy_file_name, image_remote_url, image_file_name, image_content_type, image_file_size, image_updated_at, video_id, checked, unsafe, alerter_id, hearts_count, created_at, updated_at, exclude_reason) VALUES ('102', '26', '1', 'Piccsy :: Recent posts', 'http://piccsy.com/?page=4', '', '', 'http://images.piccsy.com/cache/images/picc-ypc51jvso-232415-320-410.jpg', 'picc-ypc51jvso-232415-320-410.jpg', 'image/jpeg', '42579', '2012-02-13 05:26:49.911345', '', 'f', '0', null, '1', '2012-02-13 05:26:50.255344', '2012-02-13 05:26:54.815085', null);
INSERT INTO entries(id, user_id, media_type, title, via, legacy_remote_url, legacy_file_name, image_remote_url, image_file_name, image_content_type, image_file_size, image_updated_at, video_id, checked, unsafe, alerter_id, hearts_count, created_at, updated_at, exclude_reason) VALUES ('103', '26', '1', 'Piccsy :: Recent posts', 'http://piccsy.com/?page=4', '', '', 'http://images.piccsy.com/cache/images/picc-ypbf8uh8t-232414-320-333.jpg', 'picc-ypbf8uh8t-232414-320-333.jpg', 'image/jpeg', '29178', '2012-02-13 05:27:46.126664', '', 'f', '0', null, '1', '2012-02-13 05:27:46.305249', '2012-02-13 05:27:50.516867', null);
INSERT INTO entries(id, user_id, media_type, title, via, legacy_remote_url, legacy_file_name, image_remote_url, image_file_name, image_content_type, image_file_size, image_updated_at, video_id, checked, unsafe, alerter_id, hearts_count, created_at, updated_at, exclude_reason) VALUES ('104', '27', '1', 'Piccsy :: Recent posts', 'http://piccsy.com/?page=4', '', '', 'http://images.piccsy.com/cache/images/thought-of-the-day-232406-320-400.jpg', 'thought-of-the-day-232406-320-400.jpg', 'image/jpeg', '24055', '2012-02-13 05:27:52.333286', '', 'f', '0', null, '1', '2012-02-13 05:27:52.581121', '2012-02-13 05:27:56.525093', null);
INSERT INTO entries(id, user_id, media_type, title, via, legacy_remote_url, legacy_file_name, image_remote_url, image_file_name, image_content_type, image_file_size, image_updated_at, video_id, checked, unsafe, alerter_id, hearts_count, created_at, updated_at, exclude_reason) VALUES ('105', '27', '1', 'Piccsy :: Recent posts', 'http://piccsy.com/?page=4', '', '', 'http://images.piccsy.com/cache/images/picc-chpkhvy1-232410-320-213.jpg', 'picc-chpkhvy1-232410-320-213.jpg', 'image/jpeg', '24944', '2012-02-13 05:27:59.216051', '', 'f', '0', null, '1', '2012-02-13 05:27:59.389677', '2012-02-13 05:28:04.061521', null);
INSERT INTO entries(id, user_id, media_type, title, via, legacy_remote_url, legacy_file_name, image_remote_url, image_file_name, image_content_type, image_file_size, image_updated_at, video_id, checked, unsafe, alerter_id, hearts_count, created_at, updated_at, exclude_reason) VALUES ('106', '27', '1', 'Piccsy :: Recent posts', 'http://piccsy.com/?page=4', '', '', 'http://images.piccsy.com/cache/images/picc-yoh9yky9z-232402-320-211.jpg', 'picc-yoh9yky9z-232402-320-211.jpg', 'image/jpeg', '17876', '2012-02-13 05:28:05.558195', '', 'f', '0', null, '1', '2012-02-13 05:28:05.733853', '2012-02-13 05:28:10.583844', null);
INSERT INTO entries(id, user_id, media_type, title, via, legacy_remote_url, legacy_file_name, image_remote_url, image_file_name, image_content_type, image_file_size, image_updated_at, video_id, checked, unsafe, alerter_id, hearts_count, created_at, updated_at, exclude_reason) VALUES ('107', '27', '1', 'Piccsy :: Recent posts', 'http://piccsy.com/?page=4', '', '', 'http://images.piccsy.com/cache/images/picc-yob51b0av-232398-320-214.jpg', 'picc-yob51b0av-232398-320-214.jpg', 'image/jpeg', '17879', '2012-02-13 05:28:17.180752', '', 'f', '0', null, '1', '2012-02-13 05:28:17.356480', '2012-02-13 05:28:22.729195', null);
INSERT INTO entries(id, user_id, media_type, title, via, legacy_remote_url, legacy_file_name, image_remote_url, image_file_name, image_content_type, image_file_size, image_updated_at, video_id, checked, unsafe, alerter_id, hearts_count, created_at, updated_at, exclude_reason) VALUES ('108', '27', '1', 'Piccsy :: Recent posts', 'http://piccsy.com/?page=4', '', '', 'http://images.piccsy.com/cache/images/jock-sturges-ynab03xw1-232391-320-409.jpg', 'jock-sturges-ynab03xw1-232391-320-409.jpg', 'image/jpeg', '26948', '2012-02-13 05:28:24.367525', '', 'f', '0', null, '1', '2012-02-13 05:28:24.549636', '2012-02-13 05:28:29.338117', null);
INSERT INTO entries(id, user_id, media_type, title, via, legacy_remote_url, legacy_file_name, image_remote_url, image_file_name, image_content_type, image_file_size, image_updated_at, video_id, checked, unsafe, alerter_id, hearts_count, created_at, updated_at, exclude_reason) VALUES ('109', '27', '1', 'Piccsy :: Recent posts', 'http://piccsy.com/?page=4', '', '', 'http://images.piccsy.com/cache/images/untitled-yo0r9aijj-232396-320-383.jpg', 'untitled-yo0r9aijj-232396-320-383.jpg', 'image/jpeg', '30970', '2012-02-13 05:28:33.043940', '', 'f', '0', null, '1', '2012-02-13 05:28:33.228638', '2012-02-13 05:28:37.431485', null);
INSERT INTO entries(id, user_id, media_type, title, via, legacy_remote_url, legacy_file_name, image_remote_url, image_file_name, image_content_type, image_file_size, image_updated_at, video_id, checked, unsafe, alerter_id, hearts_count, created_at, updated_at, exclude_reason) VALUES ('110', '27', '1', 'Piccsy :: Recent posts', 'http://piccsy.com/?page=5', '', '', 'http://images.piccsy.com/cache/images/picc-ykifksz9h-232367-320-568.jpg', 'picc-ykifksz9h-232367-320-568.jpg', 'image/jpeg', '48754', '2012-02-13 05:30:12.482390', '', 'f', '0', null, '1', '2012-02-13 05:30:12.834172', '2012-02-13 05:30:17.129759', null);
INSERT INTO entries(id, user_id, media_type, title, via, legacy_remote_url, legacy_file_name, image_remote_url, image_file_name, image_content_type, image_file_size, image_updated_at, video_id, checked, unsafe, alerter_id, hearts_count, created_at, updated_at, exclude_reason) VALUES ('111', '27', '1', 'Piccsy :: Recent posts', 'http://piccsy.com/?page=5', '', '', 'http://images.piccsy.com/cache/images/picc-yk5f0pq4l-232364-320-217.jpg', 'picc-yk5f0pq4l-232364-320-217.jpg', 'image/jpeg', '25414', '2012-02-13 05:30:27.031874', '', 'f', '0', null, '1', '2012-02-13 05:30:27.193457', '2012-02-13 05:30:31.438331', null);
INSERT INTO entries(id, user_id, media_type, title, via, legacy_remote_url, legacy_file_name, image_remote_url, image_file_name, image_content_type, image_file_size, image_updated_at, video_id, checked, unsafe, alerter_id, hearts_count, created_at, updated_at, exclude_reason) VALUES ('112', '27', '1', 'Piccsy :: Recent posts', 'http://piccsy.com/?page=5', '', '', 'http://images.piccsy.com/cache/images/picc-3geo57ud9-232363-320-320.jpg', 'picc-3geo57ud9-232363-320-320.jpg', 'image/jpeg', '23515', '2012-02-13 05:30:38.976170', '', 'f', '0', null, '1', '2012-02-13 05:30:39.159203', '2012-02-13 05:30:43.685052', null);
INSERT INTO entries(id, user_id, media_type, title, via, legacy_remote_url, legacy_file_name, image_remote_url, image_file_name, image_content_type, image_file_size, image_updated_at, video_id, checked, unsafe, alerter_id, hearts_count, created_at, updated_at, exclude_reason) VALUES ('113', '27', '1', 'Piccsy :: Recent posts', 'http://piccsy.com/?page=5', '', '', 'http://images.piccsy.com/cache/images/alfred-eisenstaedt-yjusptwlk-232360-320-471.jpg', 'alfred-eisenstaedt-yjusptwlk-232360-320-471.jpg', 'image/jpeg', '35302', '2012-02-13 05:31:29.619370', '', 'f', '0', null, '1', '2012-02-13 05:31:29.802685', '2012-02-13 05:31:35.220103', null);
INSERT INTO entries(id, user_id, media_type, title, via, legacy_remote_url, legacy_file_name, image_remote_url, image_file_name, image_content_type, image_file_size, image_updated_at, video_id, checked, unsafe, alerter_id, hearts_count, created_at, updated_at, exclude_reason) VALUES ('114', '27', '1', 'Piccsy :: Recent posts', 'http://piccsy.com/?page=5', '', '', 'http://images.piccsy.com/cache/images/drei-mdchen-232358-320-242.jpg', 'drei-mdchen-232358-320-242.jpg', 'image/jpeg', '29131', '2012-02-13 05:31:39.550170', '', 'f', '0', null, '1', '2012-02-13 05:31:39.817187', '2012-02-13 05:31:45.726495', null);
INSERT INTO entries(id, user_id, media_type, title, via, legacy_remote_url, legacy_file_name, image_remote_url, image_file_name, image_content_type, image_file_size, image_updated_at, video_id, checked, unsafe, alerter_id, hearts_count, created_at, updated_at, exclude_reason) VALUES ('115', '27', '1', 'Piccsy :: Recent posts', 'http://piccsy.com/?page=5', '', '', 'http://images.piccsy.com/cache/images/picc-cfmzzsw3-232351-320-240.jpg', 'picc-cfmzzsw3-232351-320-240.jpg', 'image/jpeg', '25236', '2012-02-13 05:31:47.741848', '', 'f', '0', null, '1', '2012-02-13 05:31:47.917925', '2012-02-13 05:31:51.814920', null);
INSERT INTO entries(id, user_id, media_type, title, via, legacy_remote_url, legacy_file_name, image_remote_url, image_file_name, image_content_type, image_file_size, image_updated_at, video_id, checked, unsafe, alerter_id, hearts_count, created_at, updated_at, exclude_reason) VALUES ('116', '27', '1', 'Piccsy :: Recent posts', 'http://piccsy.com/?page=5', '', '', 'http://images.piccsy.com/cache/images/picc-yionmy1b3-232347-320-402.jpg', 'picc-yionmy1b3-232347-320-402.jpg', 'image/jpeg', '32055', '2012-02-13 05:31:55.213269', '', 'f', '0', null, '1', '2012-02-13 05:31:55.398202', '2012-02-13 05:32:00.151319', null);
INSERT INTO entries(id, user_id, media_type, title, via, legacy_remote_url, legacy_file_name, image_remote_url, image_file_name, image_content_type, image_file_size, image_updated_at, video_id, checked, unsafe, alerter_id, hearts_count, created_at, updated_at, exclude_reason) VALUES ('117', '27', '1', 'Piccsy :: Recent posts', 'http://piccsy.com/?page=5', '', '', 'http://images.piccsy.com/cache/images/kanye-west-yip6fh1sd-232346-320-427.jpg', 'kanye-west-yip6fh1sd-232346-320-427.jpg', 'image/jpeg', '33259', '2012-02-13 05:32:03.700455', '', 'f', '0', null, '1', '2012-02-13 05:32:03.977518', '2012-02-13 05:32:08.119294', null);
INSERT INTO entries(id, user_id, media_type, title, via, legacy_remote_url, legacy_file_name, image_remote_url, image_file_name, image_content_type, image_file_size, image_updated_at, video_id, checked, unsafe, alerter_id, hearts_count, created_at, updated_at, exclude_reason) VALUES ('118', '27', '1', 'Piccsy :: Recent posts', 'http://piccsy.com/?page=5', '', '', 'http://images.piccsy.com/cache/images/dance-ygxxdyfbh-232303-320-479.jpg', 'dance-ygxxdyfbh-232303-320-479.jpg', 'image/jpeg', '30907', '2012-02-13 05:32:55.101277', '', 'f', '0', null, '1', '2012-02-13 05:32:55.289876', '2012-02-13 05:33:00.106753', null);
INSERT INTO entries(id, user_id, media_type, title, via, legacy_remote_url, legacy_file_name, image_remote_url, image_file_name, image_content_type, image_file_size, image_updated_at, video_id, checked, unsafe, alerter_id, hearts_count, created_at, updated_at, exclude_reason) VALUES ('119', '27', '1', 'Piccsy :: Recent posts', 'http://piccsy.com/?page=5', '', '', 'http://images.piccsy.com/cache/images/matthew-232334-320-356.jpg', 'matthew-232334-320-356.jpg', 'image/jpeg', '20235', '2012-02-13 05:33:02.140142', '', 'f', '0', null, '1', '2012-02-13 05:33:02.312482', '2012-02-13 05:33:05.957183', null);
INSERT INTO entries(id, user_id, media_type, title, via, legacy_remote_url, legacy_file_name, image_remote_url, image_file_name, image_content_type, image_file_size, image_updated_at, video_id, checked, unsafe, alerter_id, hearts_count, created_at, updated_at, exclude_reason) VALUES ('120', '27', '1', 'Piccsy :: Recent posts', 'http://piccsy.com/?page=5', '', '', 'http://images.piccsy.com/cache/images/mainbocher-corset-232348-320-431.jpg', 'mainbocher-corset-232348-320-431.jpg', 'image/jpeg', '28562', '2012-02-13 05:33:08.233802', '', 'f', '0', null, '1', '2012-02-13 05:33:08.415815', '2012-02-13 05:33:12.777867', null);
INSERT INTO entries(id, user_id, media_type, title, via, legacy_remote_url, legacy_file_name, image_remote_url, image_file_name, image_content_type, image_file_size, image_updated_at, video_id, checked, unsafe, alerter_id, hearts_count, created_at, updated_at, exclude_reason) VALUES ('121', '27', '1', 'Piccsy :: Recent posts', 'http://piccsy.com/?page=5', '', '', 'http://images.piccsy.com/cache/images/picc-y8vy8nt60-232237-320-317.jpg', 'picc-y8vy8nt60-232237-320-317.jpg', 'image/jpeg', '20984', '2012-02-13 05:34:05.967549', '', 'f', '0', null, '1', '2012-02-13 05:34:06.154394', '2012-02-13 05:34:10.682889', null);
INSERT INTO entries(id, user_id, media_type, title, via, legacy_remote_url, legacy_file_name, image_remote_url, image_file_name, image_content_type, image_file_size, image_updated_at, video_id, checked, unsafe, alerter_id, hearts_count, created_at, updated_at, exclude_reason) VALUES ('122', '27', '1', 'Piccsy :: Recent posts', 'http://piccsy.com/?page=6', '', '', 'http://images.piccsy.com/cache/images/art-by-dreams-of-grandeur---liah-232200-320-436.jpg', 'art-by-dreams-of-grandeur---liah-232200-320-436.jpg', 'image/jpeg', '46378', '2012-02-13 05:36:44.253971', '', 'f', '0', null, '1', '2012-02-13 05:36:44.533113', '2012-02-13 05:36:49.062285', null);
INSERT INTO entries(id, user_id, media_type, title, via, legacy_remote_url, legacy_file_name, image_remote_url, image_file_name, image_content_type, image_file_size, image_updated_at, video_id, checked, unsafe, alerter_id, hearts_count, created_at, updated_at, exclude_reason) VALUES ('123', '27', '1', 'Piccsy :: Recent posts', 'http://piccsy.com/?page=6', '', '', 'http://images.piccsy.com/cache/images/fancy-y2biygf1h-232188-320-213.jpg', 'fancy-y2biygf1h-232188-320-213.jpg', 'image/jpeg', '13294', '2012-02-13 05:36:54.715429', '', 'f', '0', null, '1', '2012-02-13 05:36:54.965448', '2012-02-13 05:36:58.354337', null);
INSERT INTO entries(id, user_id, media_type, title, via, legacy_remote_url, legacy_file_name, image_remote_url, image_file_name, image_content_type, image_file_size, image_updated_at, video_id, checked, unsafe, alerter_id, hearts_count, created_at, updated_at, exclude_reason) VALUES ('124', '28', '1', 'Piccsy :: Recent posts', 'http://piccsy.com/?page=6', '', '', 'http://images.piccsy.com/cache/images/picc-y0chqmlgv-232183-320-350.jpg', 'picc-y0chqmlgv-232183-320-350.jpg', 'image/jpeg', '15051', '2012-02-13 05:37:42.764338', '', 'f', '0', null, '1', '2012-02-13 05:37:43.037774', '2012-02-13 05:37:47.075602', null);
INSERT INTO entries(id, user_id, media_type, title, via, legacy_remote_url, legacy_file_name, image_remote_url, image_file_name, image_content_type, image_file_size, image_updated_at, video_id, checked, unsafe, alerter_id, hearts_count, created_at, updated_at, exclude_reason) VALUES ('125', '28', '1', 'Piccsy :: Recent posts', 'http://piccsy.com/?page=6', '', '', 'http://images.piccsy.com/cache/images/picc-y0awiyps5-232182-320-322.jpg', 'picc-y0awiyps5-232182-320-322.jpg', 'image/jpeg', '16242', '2012-02-13 05:37:48.586807', '', 'f', '0', null, '1', '2012-02-13 05:37:48.758318', '2012-02-13 05:37:52.304475', null);
INSERT INTO entries(id, user_id, media_type, title, via, legacy_remote_url, legacy_file_name, image_remote_url, image_file_name, image_content_type, image_file_size, image_updated_at, video_id, checked, unsafe, alerter_id, hearts_count, created_at, updated_at, exclude_reason) VALUES ('126', '28', '1', 'Piccsy :: Recent posts', 'http://piccsy.com/?page=6', '', '', 'http://images.piccsy.com/cache/images/paper-yoda-xzxrte8en-232181-320-501.jpg', 'paper-yoda-xzxrte8en-232181-320-501.jpg', 'image/jpeg', '33306', '2012-02-13 05:37:54.125297', '', 'f', '0', null, '1', '2012-02-13 05:37:54.315340', '2012-02-13 05:37:58.599509', null);
INSERT INTO entries(id, user_id, media_type, title, via, legacy_remote_url, legacy_file_name, image_remote_url, image_file_name, image_content_type, image_file_size, image_updated_at, video_id, checked, unsafe, alerter_id, hearts_count, created_at, updated_at, exclude_reason) VALUES ('127', '28', '1', 'Piccsy :: Recent posts', 'http://piccsy.com/?page=6', '', '', 'http://images.piccsy.com/cache/images/picc-xz309vnrm-232178-320-240.jpg', 'picc-xz309vnrm-232178-320-240.jpg', 'image/jpeg', '22599', '2012-02-13 05:39:09.715460', '', 'f', '0', null, '1', '2012-02-13 05:39:09.908095', '2012-02-13 05:39:14.489392', null);
INSERT INTO entries(id, user_id, media_type, title, via, legacy_remote_url, legacy_file_name, image_remote_url, image_file_name, image_content_type, image_file_size, image_updated_at, video_id, checked, unsafe, alerter_id, hearts_count, created_at, updated_at, exclude_reason) VALUES ('128', '28', '1', 'Piccsy :: Recent posts', 'http://piccsy.com/?page=6', '', '', 'http://images.piccsy.com/cache/images/picc-xz2rqfl5m-232177-320-240.jpg', 'picc-xz2rqfl5m-232177-320-240.jpg', 'image/jpeg', '18659', '2012-02-13 05:39:16.347622', '', 'f', '0', null, '1', '2012-02-13 05:39:16.508294', '2012-02-13 05:39:20.346020', null);
INSERT INTO entries(id, user_id, media_type, title, via, legacy_remote_url, legacy_file_name, image_remote_url, image_file_name, image_content_type, image_file_size, image_updated_at, video_id, checked, unsafe, alerter_id, hearts_count, created_at, updated_at, exclude_reason) VALUES ('129', '28', '1', 'Piccsy :: Recent posts', 'http://piccsy.com/?page=6', '', '', 'http://images.piccsy.com/cache/images/cake-xu8x6xyfw-232171-320-480.jpg', 'cake-xu8x6xyfw-232171-320-480.jpg', 'image/jpeg', '22264', '2012-02-13 05:39:22.401060', '', 'f', '0', null, '1', '2012-02-13 05:39:22.601216', '2012-02-13 05:39:26.210116', null);
INSERT INTO entries(id, user_id, media_type, title, via, legacy_remote_url, legacy_file_name, image_remote_url, image_file_name, image_content_type, image_file_size, image_updated_at, video_id, checked, unsafe, alerter_id, hearts_count, created_at, updated_at, exclude_reason) VALUES ('130', '28', '1', 'Piccsy :: Recent posts', 'http://piccsy.com/?page=6', '', '', 'http://images.piccsy.com/cache/images/picc-xqgufo3k2-232162-320-478.jpg', 'picc-xqgufo3k2-232162-320-478.jpg', 'image/jpeg', '19053', '2012-02-13 05:39:29.130501', '', 'f', '0', null, '1', '2012-02-13 05:39:29.413946', '2012-02-13 05:39:34.375510', null);
INSERT INTO entries(id, user_id, media_type, title, via, legacy_remote_url, legacy_file_name, image_remote_url, image_file_name, image_content_type, image_file_size, image_updated_at, video_id, checked, unsafe, alerter_id, hearts_count, created_at, updated_at, exclude_reason) VALUES ('131', '28', '1', 'Piccsy :: Recent posts', 'http://piccsy.com/?page=6', '', '', 'http://images.piccsy.com/cache/images/bring-the-light-232143-320-478.jpg', 'bring-the-light-232143-320-478.jpg', 'image/jpeg', '37972', '2012-02-13 05:39:38.409196', '', 'f', '0', null, '1', '2012-02-13 05:39:38.684318', '2012-02-13 05:39:42.903215', null);
INSERT INTO entries(id, user_id, media_type, title, via, legacy_remote_url, legacy_file_name, image_remote_url, image_file_name, image_content_type, image_file_size, image_updated_at, video_id, checked, unsafe, alerter_id, hearts_count, created_at, updated_at, exclude_reason) VALUES ('132', '28', '1', 'Piccsy :: Recent posts', 'http://piccsy.com/?page=6', '', '', 'http://images.piccsy.com/cache/images/my-favorite-images-xggr9j9sh-232138-320-240.jpg', 'my-favorite-images-xggr9j9sh-232138-320-240.jpg', 'image/jpeg', '26951', '2012-02-13 05:39:47.113712', '', 'f', '0', null, '1', '2012-02-13 05:39:47.280986', '2012-02-13 05:39:51.349048', null);
INSERT INTO entries(id, user_id, media_type, title, via, legacy_remote_url, legacy_file_name, image_remote_url, image_file_name, image_content_type, image_file_size, image_updated_at, video_id, checked, unsafe, alerter_id, hearts_count, created_at, updated_at, exclude_reason) VALUES ('133', '28', '1', 'Piccsy :: Recent posts', 'http://piccsy.com/?page=6', '', '', 'http://images.piccsy.com/cache/images/dead-is-dead-232134-320-417.jpg', 'dead-is-dead-232134-320-417.jpg', 'image/jpeg', '30424', '2012-02-13 05:41:17.085672', '', 'f', '0', null, '1', '2012-02-13 05:41:17.374681', '2012-02-13 05:41:21.587977', null);
INSERT INTO entries(id, user_id, media_type, title, via, legacy_remote_url, legacy_file_name, image_remote_url, image_file_name, image_content_type, image_file_size, image_updated_at, video_id, checked, unsafe, alerter_id, hearts_count, created_at, updated_at, exclude_reason) VALUES ('134', '28', '1', 'Piccsy :: Recent posts', 'http://piccsy.com/?page=6', '', '', 'http://images.piccsy.com/cache/images/httpwwwmurraymitchellcom-232133-320-240.jpg', 'httpwwwmurraymitchellcom-232133-320-240.jpg', 'image/jpeg', '16194', '2012-02-13 05:41:23.398247', '', 'f', '0', null, '1', '2012-02-13 05:41:23.565723', '2012-02-13 05:41:27.448896', null);
INSERT INTO entries(id, user_id, media_type, title, via, legacy_remote_url, legacy_file_name, image_remote_url, image_file_name, image_content_type, image_file_size, image_updated_at, video_id, checked, unsafe, alerter_id, hearts_count, created_at, updated_at, exclude_reason) VALUES ('135', '28', '1', 'Piccsy :: Recent posts', 'http://piccsy.com/?page=6', '', '', 'http://images.piccsy.com/cache/images/picc-xfb08t2a7-232131-320-213.jpg', 'picc-xfb08t2a7-232131-320-213.jpg', 'image/jpeg', '15300', '2012-02-13 05:41:29.238724', '', 'f', '0', null, '1', '2012-02-13 05:41:29.482967', '2012-02-13 05:41:33.525961', null);
INSERT INTO entries(id, user_id, media_type, title, via, legacy_remote_url, legacy_file_name, image_remote_url, image_file_name, image_content_type, image_file_size, image_updated_at, video_id, checked, unsafe, alerter_id, hearts_count, created_at, updated_at, exclude_reason) VALUES ('136', '28', '1', 'Piccsy :: Recent posts', 'http://piccsy.com/?page=6', '', '', 'http://images.piccsy.com/cache/images/portrait-of-sitting-bull---magnificent-photograph-232129-320-405.jpg', 'portrait-of-sitting-bull---magnificent-photograph-232129-320-405.jpg', 'image/jpeg', '34200', '2012-02-13 05:42:06.172867', '', 'f', '0', null, '1', '2012-02-13 05:42:06.369574', '2012-02-13 05:42:11.038812', null);
INSERT INTO entries(id, user_id, media_type, title, via, legacy_remote_url, legacy_file_name, image_remote_url, image_file_name, image_content_type, image_file_size, image_updated_at, video_id, checked, unsafe, alerter_id, hearts_count, created_at, updated_at, exclude_reason) VALUES ('137', '28', '1', 'Piccsy :: Recent posts', 'http://piccsy.com/?page=6', '', '', 'http://images.piccsy.com/cache/images/learn-about-the-planets---our-solar-system-232128-320-320.jpg', 'learn-about-the-planets---our-solar-system-232128-320-320.jpg', 'image/jpeg', '17190', '2012-02-13 05:42:12.944489', '', 'f', '0', null, '1', '2012-02-13 05:42:13.114635', '2012-02-13 05:42:16.813184', null);
INSERT INTO entries(id, user_id, media_type, title, via, legacy_remote_url, legacy_file_name, image_remote_url, image_file_name, image_content_type, image_file_size, image_updated_at, video_id, checked, unsafe, alerter_id, hearts_count, created_at, updated_at, exclude_reason) VALUES ('138', '28', '1', 'Piccsy :: Recent posts', 'http://piccsy.com/?page=6', '', '', 'http://images.piccsy.com/cache/images/fireworks-and-silhouettes-232127-320-480.jpg', 'fireworks-and-silhouettes-232127-320-480.jpg', 'image/jpeg', '25541', '2012-02-13 05:42:19.908981', '', 'f', '0', null, '1', '2012-02-13 05:42:20.101414', '2012-02-13 05:42:23.962608', null);
INSERT INTO entries(id, user_id, media_type, title, via, legacy_remote_url, legacy_file_name, image_remote_url, image_file_name, image_content_type, image_file_size, image_updated_at, video_id, checked, unsafe, alerter_id, hearts_count, created_at, updated_at, exclude_reason) VALUES ('139', '28', '1', 'Piccsy :: Recent posts', 'http://piccsy.com/?page=6', '', '', 'http://images.piccsy.com/cache/images/picc-xdsuwto4n-232124-320-452.jpg', 'picc-xdsuwto4n-232124-320-452.jpg', 'image/jpeg', '17679', '2012-02-13 05:42:53.583724', '', 'f', '0', null, '1', '2012-02-13 05:42:53.778106', '2012-02-13 05:42:57.241693', null);
INSERT INTO entries(id, user_id, media_type, title, via, legacy_remote_url, legacy_file_name, image_remote_url, image_file_name, image_content_type, image_file_size, image_updated_at, video_id, checked, unsafe, alerter_id, hearts_count, created_at, updated_at, exclude_reason) VALUES ('140', '28', '1', 'Piccsy :: Recent posts', 'http://piccsy.com/?page=6', '', '', 'http://images.piccsy.com/cache/images/picc-xc85z00r4-232107-320-214.jpg', 'picc-xc85z00r4-232107-320-214.jpg', 'image/jpeg', '26871', '2012-02-13 05:43:04.268502', '', 'f', '0', null, '1', '2012-02-13 05:43:04.448814', '2012-02-13 05:43:08.933433', null);
INSERT INTO entries(id, user_id, media_type, title, via, legacy_remote_url, legacy_file_name, image_remote_url, image_file_name, image_content_type, image_file_size, image_updated_at, video_id, checked, unsafe, alerter_id, hearts_count, created_at, updated_at, exclude_reason) VALUES ('141', '28', '1', 'Piccsy :: Recent posts', 'http://piccsy.com/?page=7', '', '', 'http://images.piccsy.com/cache/images/woody-allen-x609p8hsg-232068-320-253.jpg', 'woody-allen-x609p8hsg-232068-320-253.jpg', 'image/jpeg', '30463', '2012-02-13 05:44:30.804940', '', 'f', '0', null, '1', '2012-02-13 05:44:30.983093', '2012-02-13 05:44:35.657909', null);
INSERT INTO entries(id, user_id, media_type, title, via, legacy_remote_url, legacy_file_name, image_remote_url, image_file_name, image_content_type, image_file_size, image_updated_at, video_id, checked, unsafe, alerter_id, hearts_count, created_at, updated_at, exclude_reason) VALUES ('142', '28', '1', 'Piccsy :: Recent posts', 'http://piccsy.com/?page=7', '', '', 'http://images.piccsy.com/cache/images/picc-x5nc3kvu7-232058-320-213.jpg', 'picc-x5nc3kvu7-232058-320-213.jpg', 'image/jpeg', '23329', '2012-02-13 05:48:30.157503', '', 'f', '0', null, '1', '2012-02-13 05:48:30.338281', '2012-02-13 05:48:34.124856', null);
INSERT INTO entries(id, user_id, media_type, title, via, legacy_remote_url, legacy_file_name, image_remote_url, image_file_name, image_content_type, image_file_size, image_updated_at, video_id, checked, unsafe, alerter_id, hearts_count, created_at, updated_at, exclude_reason) VALUES ('143', '28', '1', 'Piccsy :: Recent posts', 'http://piccsy.com/?page=7', '', '', 'http://images.piccsy.com/cache/images/picc-x5n1xcktb-232057-320-212.jpg', 'picc-x5n1xcktb-232057-320-212.jpg', 'image/jpeg', '26079', '2012-02-13 05:48:35.721194', '', 'f', '0', null, '1', '2012-02-13 05:48:35.956151', '2012-02-13 05:48:40.152053', null);
INSERT INTO entries(id, user_id, media_type, title, via, legacy_remote_url, legacy_file_name, image_remote_url, image_file_name, image_content_type, image_file_size, image_updated_at, video_id, checked, unsafe, alerter_id, hearts_count, created_at, updated_at, exclude_reason) VALUES ('144', '29', '1', 'Piccsy :: Recent posts', 'http://piccsy.com/?page=7', '', '', 'http://images.piccsy.com/cache/images/picc-x5nma6c61-232059-320-213.jpg', 'picc-x5nma6c61-232059-320-213.jpg', 'image/jpeg', '14567', '2012-02-13 05:48:41.514471', '', 'f', '0', null, '1', '2012-02-13 05:48:41.688532', '2012-02-13 05:48:45.308904', null);
INSERT INTO entries(id, user_id, media_type, title, via, legacy_remote_url, legacy_file_name, image_remote_url, image_file_name, image_content_type, image_file_size, image_updated_at, video_id, checked, unsafe, alerter_id, hearts_count, created_at, updated_at, exclude_reason) VALUES ('145', '29', '1', 'Piccsy :: Recent posts', 'http://piccsy.com/?page=7', '', '', 'http://images.piccsy.com/cache/images/digital-art-by-priscila-santos-x5ee6ofh7-232055-320-427.jpg', 'digital-art-by-priscila-santos-x5ee6ofh7-232055-320-427.jpg', 'image/jpeg', '31011', '2012-02-13 05:49:25.562939', '', 'f', '0', null, '1', '2012-02-13 05:49:25.752282', '2012-02-13 05:49:30.302547', null);
INSERT INTO entries(id, user_id, media_type, title, via, legacy_remote_url, legacy_file_name, image_remote_url, image_file_name, image_content_type, image_file_size, image_updated_at, video_id, checked, unsafe, alerter_id, hearts_count, created_at, updated_at, exclude_reason) VALUES ('146', '29', '1', 'Piccsy :: Recent posts', 'http://piccsy.com/?page=7', '', '', 'http://images.piccsy.com/cache/images/clipper-america-over-paris-1949-232054-320-397.jpg', 'clipper-america-over-paris-1949-232054-320-397.jpg', 'image/jpeg', '43003', '2012-02-13 05:49:32.266939', '', 'f', '0', null, '1', '2012-02-13 05:49:32.547357', '2012-02-13 05:49:36.906172', null);
INSERT INTO entries(id, user_id, media_type, title, via, legacy_remote_url, legacy_file_name, image_remote_url, image_file_name, image_content_type, image_file_size, image_updated_at, video_id, checked, unsafe, alerter_id, hearts_count, created_at, updated_at, exclude_reason) VALUES ('147', '29', '1', 'Piccsy :: Recent posts', 'http://piccsy.com/?page=7', '', '', 'http://images.piccsy.com/cache/images/steampunk-x5ie10msv-232056-320-480.jpg', 'steampunk-x5ie10msv-232056-320-480.jpg', 'image/jpeg', '44611', '2012-02-13 05:49:38.758340', '', 'f', '0', null, '1', '2012-02-13 05:49:38.949309', '2012-02-13 05:49:43.322367', null);
INSERT INTO entries(id, user_id, media_type, title, via, legacy_remote_url, legacy_file_name, image_remote_url, image_file_name, image_content_type, image_file_size, image_updated_at, video_id, checked, unsafe, alerter_id, hearts_count, created_at, updated_at, exclude_reason) VALUES ('148', '29', '1', 'Piccsy :: Recent posts', 'http://piccsy.com/?page=7', '', '', 'http://images.piccsy.com/cache/images/david-beckham-232049-320-263.jpg', 'david-beckham-232049-320-263.jpg', 'image/jpeg', '12964', '2012-02-13 05:50:05.831351', '', 'f', '0', null, '1', '2012-02-13 05:50:06.056958', '2012-02-13 05:50:10.359050', null);
INSERT INTO entries(id, user_id, media_type, title, via, legacy_remote_url, legacy_file_name, image_remote_url, image_file_name, image_content_type, image_file_size, image_updated_at, video_id, checked, unsafe, alerter_id, hearts_count, created_at, updated_at, exclude_reason) VALUES ('149', '29', '1', 'Piccsy :: Recent posts', 'http://piccsy.com/?page=7', '', '', 'http://images.piccsy.com/cache/images/ali-x084ii7uf-232021-320-340.jpg', 'ali-x084ii7uf-232021-320-340.jpg', 'image/jpeg', '26345', '2012-02-13 05:50:24.413554', '', 'f', '0', null, '1', '2012-02-13 05:50:24.592721', '2012-02-13 05:50:28.861104', null);
INSERT INTO entries(id, user_id, media_type, title, via, legacy_remote_url, legacy_file_name, image_remote_url, image_file_name, image_content_type, image_file_size, image_updated_at, video_id, checked, unsafe, alerter_id, hearts_count, created_at, updated_at, exclude_reason) VALUES ('150', '29', '1', 'Piccsy :: Recent posts', 'http://piccsy.com/?page=7', '', '', 'http://images.piccsy.com/cache/images/saturation-point-of-no-return-232005-320-426.jpg', 'saturation-point-of-no-return-232005-320-426.jpg', 'image/jpeg', '53478', '2012-02-13 05:50:40.759157', '', 'f', '0', null, '1', '2012-02-13 05:50:41.043677', '2012-02-13 05:50:45.192624', null);
INSERT INTO entries(id, user_id, media_type, title, via, legacy_remote_url, legacy_file_name, image_remote_url, image_file_name, image_content_type, image_file_size, image_updated_at, video_id, checked, unsafe, alerter_id, hearts_count, created_at, updated_at, exclude_reason) VALUES ('151', '29', '1', 'Piccsy :: Recent posts', 'http://piccsy.com/?page=7', '', '', 'http://images.piccsy.com/cache/images/happens-wyssw7wki-231991-320-320.jpg', 'happens-wyssw7wki-231991-320-320.jpg', 'image/jpeg', '17789', '2012-02-13 05:50:53.657043', '', 'f', '0', null, '1', '2012-02-13 05:50:53.831074', '2012-02-13 05:50:57.342519', null);
INSERT INTO entries(id, user_id, media_type, title, via, legacy_remote_url, legacy_file_name, image_remote_url, image_file_name, image_content_type, image_file_size, image_updated_at, video_id, checked, unsafe, alerter_id, hearts_count, created_at, updated_at, exclude_reason) VALUES ('152', '29', '1', 'Piccsy :: Recent posts', 'http://piccsy.com/?page=8', '', '', 'http://images.piccsy.com/cache/images/picc-wqsq31619-231881-320-320.jpg', 'picc-wqsq31619-231881-320-320.jpg', 'image/jpeg', '22046', '2012-02-13 05:53:40.472887', '', 'f', '0', null, '1', '2012-02-13 05:53:40.649424', '2012-02-13 05:53:45.076722', null);
INSERT INTO entries(id, user_id, media_type, title, via, legacy_remote_url, legacy_file_name, image_remote_url, image_file_name, image_content_type, image_file_size, image_updated_at, video_id, checked, unsafe, alerter_id, hearts_count, created_at, updated_at, exclude_reason) VALUES ('153', '29', '1', 'Piccsy :: Recent posts', 'http://piccsy.com/?page=8', '', '', 'http://images.piccsy.com/cache/images/stop-frontin-231882-320-414.jpg', 'stop-frontin-231882-320-414.jpg', 'image/jpeg', '19419', '2012-02-13 05:53:52.670891', '', 'f', '0', null, '1', '2012-02-13 05:53:52.850153', '2012-02-13 05:53:56.681095', null);
INSERT INTO entries(id, user_id, media_type, title, via, legacy_remote_url, legacy_file_name, image_remote_url, image_file_name, image_content_type, image_file_size, image_updated_at, video_id, checked, unsafe, alerter_id, hearts_count, created_at, updated_at, exclude_reason) VALUES ('154', '29', '1', 'Piccsy :: Recent posts', 'http://piccsy.com/?page=8', '', '', 'http://images.piccsy.com/cache/images/picc-woivcp2k1-231859-320-213.jpg', 'picc-woivcp2k1-231859-320-213.jpg', 'image/jpeg', '19719', '2012-02-13 05:54:09.074610', '', 'f', '0', null, '1', '2012-02-13 05:54:09.243691', '2012-02-13 05:54:13.324798', null);
INSERT INTO entries(id, user_id, media_type, title, via, legacy_remote_url, legacy_file_name, image_remote_url, image_file_name, image_content_type, image_file_size, image_updated_at, video_id, checked, unsafe, alerter_id, hearts_count, created_at, updated_at, exclude_reason) VALUES ('155', '29', '1', 'Piccsy :: Recent posts', 'http://piccsy.com/?page=8', '', '', 'http://images.piccsy.com/cache/images/tattoo-photography-by-ira-chernova-231895-320-320.jpg', 'tattoo-photography-by-ira-chernova-231895-320-320.jpg', 'image/jpeg', '19394', '2012-02-13 05:54:22.807887', '', 'f', '0', null, '1', '2012-02-13 05:54:23.045171', '2012-02-13 05:54:26.680876', null);
INSERT INTO entries(id, user_id, media_type, title, via, legacy_remote_url, legacy_file_name, image_remote_url, image_file_name, image_content_type, image_file_size, image_updated_at, video_id, checked, unsafe, alerter_id, hearts_count, created_at, updated_at, exclude_reason) VALUES ('156', '29', '1', 'Piccsy :: Recent posts', 'http://piccsy.com/?page=8', '', '', 'http://images.piccsy.com/cache/images/journal-of-a-nobody-wsx4evfhj-231900-320-240.jpg', 'journal-of-a-nobody-wsx4evfhj-231900-320-240.jpg', 'image/jpeg', '30334', '2012-02-13 05:54:40.661826', '', 'f', '0', null, '1', '2012-02-13 05:54:40.846027', '2012-02-13 05:54:45.187439', null);
INSERT INTO entries(id, user_id, media_type, title, via, legacy_remote_url, legacy_file_name, image_remote_url, image_file_name, image_content_type, image_file_size, image_updated_at, video_id, checked, unsafe, alerter_id, hearts_count, created_at, updated_at, exclude_reason) VALUES ('157', '29', '1', 'Piccsy :: Recent posts', 'http://piccsy.com/?page=8', '', '', 'http://images.piccsy.com/cache/images/picc-wt55fsxov-231906-320-214.jpg', 'picc-wt55fsxov-231906-320-214.jpg', 'image/jpeg', '10341', '2012-02-13 05:54:55.797628', '', 'f', '0', null, '1', '2012-02-13 05:54:56.051710', '2012-02-13 05:54:59.814369', null);
INSERT INTO entries(id, user_id, media_type, title, via, legacy_remote_url, legacy_file_name, image_remote_url, image_file_name, image_content_type, image_file_size, image_updated_at, video_id, checked, unsafe, alerter_id, hearts_count, created_at, updated_at, exclude_reason) VALUES ('158', '29', '1', 'Piccsy :: Recent posts', 'http://piccsy.com/?page=8', '', '', 'http://images.piccsy.com/cache/images/john-myers-art-wt8uuzg51-231911-320-445.jpg', 'john-myers-art-wt8uuzg51-231911-320-445.jpg', 'image/jpeg', '42954', '2012-02-13 05:55:10.597786', '', 'f', '0', null, '1', '2012-02-13 05:55:10.783980', '2012-02-13 05:55:15.007504', null);
INSERT INTO entries(id, user_id, media_type, title, via, legacy_remote_url, legacy_file_name, image_remote_url, image_file_name, image_content_type, image_file_size, image_updated_at, video_id, checked, unsafe, alerter_id, hearts_count, created_at, updated_at, exclude_reason) VALUES ('159', '29', '1', 'Piccsy :: Recent posts', 'http://piccsy.com/?page=8', '', '', 'http://images.piccsy.com/cache/images/john-myers-art-wtfrajojn-231915-320-258.jpg', 'john-myers-art-wtfrajojn-231915-320-258.jpg', 'image/jpeg', '44311', '2012-02-13 05:55:21.309513', '', 'f', '0', null, '1', '2012-02-13 05:55:21.629282', '2012-02-13 05:55:26.075020', null);
INSERT INTO entries(id, user_id, media_type, title, via, legacy_remote_url, legacy_file_name, image_remote_url, image_file_name, image_content_type, image_file_size, image_updated_at, video_id, checked, unsafe, alerter_id, hearts_count, created_at, updated_at, exclude_reason) VALUES ('160', '29', '1', 'Piccsy :: Recent posts', 'http://piccsy.com/?page=8', '', '', 'http://images.piccsy.com/cache/images/john-myers-art-madaeli26-haunting-forest-by-r3novatio-231932-320-482.jpg', 'john-myers-art-madaeli26-haunting-forest-by-r3novatio-231932-320-482.jpg', 'image/jpeg', '62178', '2012-02-13 05:55:55.826883', '', 'f', '0', null, '1', '2012-02-13 05:55:56.074553', '2012-02-13 05:56:01.979816', null);
INSERT INTO entries(id, user_id, media_type, title, via, legacy_remote_url, legacy_file_name, image_remote_url, image_file_name, image_content_type, image_file_size, image_updated_at, video_id, checked, unsafe, alerter_id, hearts_count, created_at, updated_at, exclude_reason) VALUES ('161', '29', '1', 'Piccsy :: Recent posts', 'http://piccsy.com/?page=8', '', '', 'http://images.piccsy.com/cache/images/picc-wuoaas6rj-231943-320-224.jpg', 'picc-wuoaas6rj-231943-320-224.jpg', 'image/jpeg', '18786', '2012-02-13 05:56:03.834039', '', 'f', '0', null, '1', '2012-02-13 05:56:04.119428', '2012-02-13 05:56:07.998821', null);
INSERT INTO entries(id, user_id, media_type, title, via, legacy_remote_url, legacy_file_name, image_remote_url, image_file_name, image_content_type, image_file_size, image_updated_at, video_id, checked, unsafe, alerter_id, hearts_count, created_at, updated_at, exclude_reason) VALUES ('162', '29', '1', 'Piccsy :: Recent posts', 'http://piccsy.com/?page=8', '', '', 'http://images.piccsy.com/cache/images/add-wy383b34q-231982-320-428.jpg', 'add-wy383b34q-231982-320-428.jpg', 'image/jpeg', '47067', '2012-02-13 05:58:20.514840', '', 'f', '0', null, '1', '2012-02-13 05:58:20.705678', '2012-02-13 05:58:25.427844', null);
INSERT INTO entries(id, user_id, media_type, title, via, legacy_remote_url, legacy_file_name, image_remote_url, image_file_name, image_content_type, image_file_size, image_updated_at, video_id, checked, unsafe, alerter_id, hearts_count, created_at, updated_at, exclude_reason) VALUES ('163', '29', '1', 'Piccsy :: Recent posts', 'http://piccsy.com/?page=8', '', '', 'http://images.piccsy.com/cache/images/the-jedi-known-as-tracy-morgan-231970-320-478.jpg', 'the-jedi-known-as-tracy-morgan-231970-320-478.jpg', 'image/jpeg', '23673', '2012-02-13 05:58:30.628428', '', 'f', '0', null, '1', '2012-02-13 05:58:30.813577', '2012-02-13 05:58:34.639714', null);
INSERT INTO entries(id, user_id, media_type, title, via, legacy_remote_url, legacy_file_name, image_remote_url, image_file_name, image_content_type, image_file_size, image_updated_at, video_id, checked, unsafe, alerter_id, hearts_count, created_at, updated_at, exclude_reason) VALUES ('164', '29', '1', 'Piccsy :: Recent posts', 'http://piccsy.com/?page=8', '', '', 'http://images.piccsy.com/cache/images/unwind-231939-320-447.jpg', 'unwind-231939-320-447.jpg', 'image/jpeg', '28351', '2012-02-13 05:58:47.600856', '', 'f', '0', null, '1', '2012-02-13 05:58:47.783286', '2012-02-13 05:58:52.312127', null);


INSERT INTO entries_hosts(id, entry_id, host_id, created_at, updated_at) VALUES ('64', '64', '42', '2012-02-13 04:17:02.629137', '2012-02-13 04:17:02.629137');
INSERT INTO entries_hosts(id, entry_id, host_id, created_at, updated_at) VALUES ('65', '65', '42', '2012-02-13 04:17:39.924537', '2012-02-13 04:17:39.924537');
INSERT INTO entries_hosts(id, entry_id, host_id, created_at, updated_at) VALUES ('66', '66', '42', '2012-02-13 04:18:21.456883', '2012-02-13 04:18:21.456883');
INSERT INTO entries_hosts(id, entry_id, host_id, created_at, updated_at) VALUES ('67', '67', '42', '2012-02-13 04:18:52.233069', '2012-02-13 04:18:52.233069');
INSERT INTO entries_hosts(id, entry_id, host_id, created_at, updated_at) VALUES ('68', '68', '42', '2012-02-13 04:19:51.880312', '2012-02-13 04:19:51.880312');
INSERT INTO entries_hosts(id, entry_id, host_id, created_at, updated_at) VALUES ('69', '69', '42', '2012-02-13 04:20:44.220319', '2012-02-13 04:20:44.220319');
INSERT INTO entries_hosts(id, entry_id, host_id, created_at, updated_at) VALUES ('70', '70', '42', '2012-02-13 04:20:51.968834', '2012-02-13 04:20:51.968834');
INSERT INTO entries_hosts(id, entry_id, host_id, created_at, updated_at) VALUES ('71', '71', '42', '2012-02-13 04:22:06.472818', '2012-02-13 04:22:06.472818');
INSERT INTO entries_hosts(id, entry_id, host_id, created_at, updated_at) VALUES ('72', '72', '42', '2012-02-13 04:22:14.485854', '2012-02-13 04:22:14.485854');
INSERT INTO entries_hosts(id, entry_id, host_id, created_at, updated_at) VALUES ('73', '73', '42', '2012-02-13 04:22:22.257230', '2012-02-13 04:22:22.257230');
INSERT INTO entries_hosts(id, entry_id, host_id, created_at, updated_at) VALUES ('74', '74', '42', '2012-02-13 04:22:55.837282', '2012-02-13 04:22:55.837282');
INSERT INTO entries_hosts(id, entry_id, host_id, created_at, updated_at) VALUES ('75', '75', '42', '2012-02-13 04:23:49.962858', '2012-02-13 04:23:49.962858');
INSERT INTO entries_hosts(id, entry_id, host_id, created_at, updated_at) VALUES ('76', '76', '42', '2012-02-13 04:23:58.167360', '2012-02-13 04:23:58.167360');
INSERT INTO entries_hosts(id, entry_id, host_id, created_at, updated_at) VALUES ('77', '77', '42', '2012-02-13 04:24:05.266956', '2012-02-13 04:24:05.266956');
INSERT INTO entries_hosts(id, entry_id, host_id, created_at, updated_at) VALUES ('78', '78', '42', '2012-02-13 04:24:40.998454', '2012-02-13 04:24:40.998454');
INSERT INTO entries_hosts(id, entry_id, host_id, created_at, updated_at) VALUES ('79', '79', '42', '2012-02-13 04:24:47.205887', '2012-02-13 04:24:47.205887');
INSERT INTO entries_hosts(id, entry_id, host_id, created_at, updated_at) VALUES ('80', '80', '42', '2012-02-13 04:24:55.708632', '2012-02-13 04:24:55.708632');
INSERT INTO entries_hosts(id, entry_id, host_id, created_at, updated_at) VALUES ('81', '81', '42', '2012-02-13 04:28:46.158174', '2012-02-13 04:28:46.158174');
INSERT INTO entries_hosts(id, entry_id, host_id, created_at, updated_at) VALUES ('82', '82', '42', '2012-02-13 04:28:53.514161', '2012-02-13 04:28:53.514161');
INSERT INTO entries_hosts(id, entry_id, host_id, created_at, updated_at) VALUES ('83', '83', '42', '2012-02-13 04:29:00.722743', '2012-02-13 04:29:00.722743');
INSERT INTO entries_hosts(id, entry_id, host_id, created_at, updated_at) VALUES ('84', '84', '42', '2012-02-13 05:11:01.964247', '2012-02-13 05:11:01.964247');
INSERT INTO entries_hosts(id, entry_id, host_id, created_at, updated_at) VALUES ('85', '85', '42', '2012-02-13 05:11:09.325877', '2012-02-13 05:11:09.325877');
INSERT INTO entries_hosts(id, entry_id, host_id, created_at, updated_at) VALUES ('86', '86', '42', '2012-02-13 05:11:16.488675', '2012-02-13 05:11:16.488675');
INSERT INTO entries_hosts(id, entry_id, host_id, created_at, updated_at) VALUES ('87', '87', '42', '2012-02-13 05:13:21.712695', '2012-02-13 05:13:21.712695');
INSERT INTO entries_hosts(id, entry_id, host_id, created_at, updated_at) VALUES ('88', '88', '42', '2012-02-13 05:13:28.215612', '2012-02-13 05:13:28.215612');
INSERT INTO entries_hosts(id, entry_id, host_id, created_at, updated_at) VALUES ('89', '89', '42', '2012-02-13 05:13:34.864306', '2012-02-13 05:13:34.864306');
INSERT INTO entries_hosts(id, entry_id, host_id, created_at, updated_at) VALUES ('90', '90', '42', '2012-02-13 05:14:11.022203', '2012-02-13 05:14:11.022203');
INSERT INTO entries_hosts(id, entry_id, host_id, created_at, updated_at) VALUES ('91', '91', '42', '2012-02-13 05:14:17.469744', '2012-02-13 05:14:17.469744');
INSERT INTO entries_hosts(id, entry_id, host_id, created_at, updated_at) VALUES ('92', '92', '42', '2012-02-13 05:14:28.189619', '2012-02-13 05:14:28.189619');
INSERT INTO entries_hosts(id, entry_id, host_id, created_at, updated_at) VALUES ('93', '93', '42', '2012-02-13 05:15:53.084624', '2012-02-13 05:15:53.084624');
INSERT INTO entries_hosts(id, entry_id, host_id, created_at, updated_at) VALUES ('94', '94', '42', '2012-02-13 05:16:01.683349', '2012-02-13 05:16:01.683349');
INSERT INTO entries_hosts(id, entry_id, host_id, created_at, updated_at) VALUES ('95', '95', '42', '2012-02-13 05:16:38.844963', '2012-02-13 05:16:38.844963');
INSERT INTO entries_hosts(id, entry_id, host_id, created_at, updated_at) VALUES ('96', '96', '42', '2012-02-13 05:16:44.542642', '2012-02-13 05:16:44.542642');
INSERT INTO entries_hosts(id, entry_id, host_id, created_at, updated_at) VALUES ('97', '97', '42', '2012-02-13 05:16:50.920397', '2012-02-13 05:16:50.920397');
INSERT INTO entries_hosts(id, entry_id, host_id, created_at, updated_at) VALUES ('98', '98', '42', '2012-02-13 05:17:42.124225', '2012-02-13 05:17:42.124225');
INSERT INTO entries_hosts(id, entry_id, host_id, created_at, updated_at) VALUES ('99', '99', '42', '2012-02-13 05:17:48.339250', '2012-02-13 05:17:48.339250');
INSERT INTO entries_hosts(id, entry_id, host_id, created_at, updated_at) VALUES ('100', '100', '42', '2012-02-13 05:17:54.769560', '2012-02-13 05:17:54.769560');
INSERT INTO entries_hosts(id, entry_id, host_id, created_at, updated_at) VALUES ('101', '101', '42', '2012-02-13 05:24:14.547554', '2012-02-13 05:24:14.547554');
INSERT INTO entries_hosts(id, entry_id, host_id, created_at, updated_at) VALUES ('102', '102', '42', '2012-02-13 05:26:50.309330', '2012-02-13 05:26:50.309330');
INSERT INTO entries_hosts(id, entry_id, host_id, created_at, updated_at) VALUES ('103', '103', '42', '2012-02-13 05:27:46.355604', '2012-02-13 05:27:46.355604');
INSERT INTO entries_hosts(id, entry_id, host_id, created_at, updated_at) VALUES ('104', '104', '42', '2012-02-13 05:27:52.634560', '2012-02-13 05:27:52.634560');
INSERT INTO entries_hosts(id, entry_id, host_id, created_at, updated_at) VALUES ('105', '105', '42', '2012-02-13 05:27:59.441519', '2012-02-13 05:27:59.441519');
INSERT INTO entries_hosts(id, entry_id, host_id, created_at, updated_at) VALUES ('106', '106', '42', '2012-02-13 05:28:05.862692', '2012-02-13 05:28:05.862692');
INSERT INTO entries_hosts(id, entry_id, host_id, created_at, updated_at) VALUES ('107', '107', '42', '2012-02-13 05:28:17.493815', '2012-02-13 05:28:17.493815');
INSERT INTO entries_hosts(id, entry_id, host_id, created_at, updated_at) VALUES ('108', '108', '42', '2012-02-13 05:28:24.674693', '2012-02-13 05:28:24.674693');
INSERT INTO entries_hosts(id, entry_id, host_id, created_at, updated_at) VALUES ('109', '109', '42', '2012-02-13 05:28:33.281744', '2012-02-13 05:28:33.281744');
INSERT INTO entries_hosts(id, entry_id, host_id, created_at, updated_at) VALUES ('110', '110', '42', '2012-02-13 05:30:12.880395', '2012-02-13 05:30:12.880395');
INSERT INTO entries_hosts(id, entry_id, host_id, created_at, updated_at) VALUES ('111', '111', '42', '2012-02-13 05:30:27.256282', '2012-02-13 05:30:27.256282');
INSERT INTO entries_hosts(id, entry_id, host_id, created_at, updated_at) VALUES ('112', '112', '42', '2012-02-13 05:30:39.284936', '2012-02-13 05:30:39.284936');
INSERT INTO entries_hosts(id, entry_id, host_id, created_at, updated_at) VALUES ('113', '113', '42', '2012-02-13 05:31:29.939499', '2012-02-13 05:31:29.939499');
INSERT INTO entries_hosts(id, entry_id, host_id, created_at, updated_at) VALUES ('114', '114', '42', '2012-02-13 05:31:39.859623', '2012-02-13 05:31:39.859623');
INSERT INTO entries_hosts(id, entry_id, host_id, created_at, updated_at) VALUES ('115', '115', '42', '2012-02-13 05:31:48.057183', '2012-02-13 05:31:48.057183');
INSERT INTO entries_hosts(id, entry_id, host_id, created_at, updated_at) VALUES ('116', '116', '42', '2012-02-13 05:31:55.523263', '2012-02-13 05:31:55.523263');
INSERT INTO entries_hosts(id, entry_id, host_id, created_at, updated_at) VALUES ('117', '117', '42', '2012-02-13 05:32:04.036152', '2012-02-13 05:32:04.036152');
INSERT INTO entries_hosts(id, entry_id, host_id, created_at, updated_at) VALUES ('118', '118', '42', '2012-02-13 05:32:55.428076', '2012-02-13 05:32:55.428076');
INSERT INTO entries_hosts(id, entry_id, host_id, created_at, updated_at) VALUES ('119', '119', '42', '2012-02-13 05:33:02.361801', '2012-02-13 05:33:02.361801');
INSERT INTO entries_hosts(id, entry_id, host_id, created_at, updated_at) VALUES ('120', '120', '42', '2012-02-13 05:33:08.469736', '2012-02-13 05:33:08.469736');
INSERT INTO entries_hosts(id, entry_id, host_id, created_at, updated_at) VALUES ('121', '121', '42', '2012-02-13 05:34:06.276261', '2012-02-13 05:34:06.276261');
INSERT INTO entries_hosts(id, entry_id, host_id, created_at, updated_at) VALUES ('122', '122', '42', '2012-02-13 05:36:44.587031', '2012-02-13 05:36:44.587031');
INSERT INTO entries_hosts(id, entry_id, host_id, created_at, updated_at) VALUES ('123', '123', '42', '2012-02-13 05:36:55.011132', '2012-02-13 05:36:55.011132');
INSERT INTO entries_hosts(id, entry_id, host_id, created_at, updated_at) VALUES ('124', '124', '42', '2012-02-13 05:37:43.090152', '2012-02-13 05:37:43.090152');
INSERT INTO entries_hosts(id, entry_id, host_id, created_at, updated_at) VALUES ('125', '125', '42', '2012-02-13 05:37:48.891491', '2012-02-13 05:37:48.891491');
INSERT INTO entries_hosts(id, entry_id, host_id, created_at, updated_at) VALUES ('126', '126', '42', '2012-02-13 05:37:54.364932', '2012-02-13 05:37:54.364932');
INSERT INTO entries_hosts(id, entry_id, host_id, created_at, updated_at) VALUES ('127', '127', '42', '2012-02-13 05:39:10.043295', '2012-02-13 05:39:10.043295');
INSERT INTO entries_hosts(id, entry_id, host_id, created_at, updated_at) VALUES ('128', '128', '42', '2012-02-13 05:39:16.557877', '2012-02-13 05:39:16.557877');
INSERT INTO entries_hosts(id, entry_id, host_id, created_at, updated_at) VALUES ('129', '129', '42', '2012-02-13 05:39:22.659521', '2012-02-13 05:39:22.659521');
INSERT INTO entries_hosts(id, entry_id, host_id, created_at, updated_at) VALUES ('130', '130', '42', '2012-02-13 05:39:29.471823', '2012-02-13 05:39:29.471823');
INSERT INTO entries_hosts(id, entry_id, host_id, created_at, updated_at) VALUES ('131', '131', '42', '2012-02-13 05:39:38.741383', '2012-02-13 05:39:38.741383');
INSERT INTO entries_hosts(id, entry_id, host_id, created_at, updated_at) VALUES ('132', '132', '42', '2012-02-13 05:39:47.333488', '2012-02-13 05:39:47.333488');
INSERT INTO entries_hosts(id, entry_id, host_id, created_at, updated_at) VALUES ('133', '133', '42', '2012-02-13 05:41:17.431641', '2012-02-13 05:41:17.431641');
INSERT INTO entries_hosts(id, entry_id, host_id, created_at, updated_at) VALUES ('134', '134', '42', '2012-02-13 05:41:23.700123', '2012-02-13 05:41:23.700123');
INSERT INTO entries_hosts(id, entry_id, host_id, created_at, updated_at) VALUES ('135', '135', '42', '2012-02-13 05:41:29.545278', '2012-02-13 05:41:29.545278');
INSERT INTO entries_hosts(id, entry_id, host_id, created_at, updated_at) VALUES ('136', '136', '42', '2012-02-13 05:42:06.503257', '2012-02-13 05:42:06.503257');
INSERT INTO entries_hosts(id, entry_id, host_id, created_at, updated_at) VALUES ('137', '137', '42', '2012-02-13 05:42:13.170149', '2012-02-13 05:42:13.170149');
INSERT INTO entries_hosts(id, entry_id, host_id, created_at, updated_at) VALUES ('138', '138', '42', '2012-02-13 05:42:20.151172', '2012-02-13 05:42:20.151172');
INSERT INTO entries_hosts(id, entry_id, host_id, created_at, updated_at) VALUES ('139', '139', '42', '2012-02-13 05:42:53.831800', '2012-02-13 05:42:53.831800');
INSERT INTO entries_hosts(id, entry_id, host_id, created_at, updated_at) VALUES ('140', '140', '42', '2012-02-13 05:43:04.498109', '2012-02-13 05:43:04.498109');
INSERT INTO entries_hosts(id, entry_id, host_id, created_at, updated_at) VALUES ('141', '141', '42', '2012-02-13 05:44:31.121363', '2012-02-13 05:44:31.121363');
INSERT INTO entries_hosts(id, entry_id, host_id, created_at, updated_at) VALUES ('142', '142', '42', '2012-02-13 05:48:30.393205', '2012-02-13 05:48:30.393205');
INSERT INTO entries_hosts(id, entry_id, host_id, created_at, updated_at) VALUES ('143', '143', '42', '2012-02-13 05:48:36.015314', '2012-02-13 05:48:36.015314');
INSERT INTO entries_hosts(id, entry_id, host_id, created_at, updated_at) VALUES ('144', '144', '42', '2012-02-13 05:48:41.831033', '2012-02-13 05:48:41.831033');
INSERT INTO entries_hosts(id, entry_id, host_id, created_at, updated_at) VALUES ('145', '145', '42', '2012-02-13 05:49:25.803511', '2012-02-13 05:49:25.803511');
INSERT INTO entries_hosts(id, entry_id, host_id, created_at, updated_at) VALUES ('146', '146', '42', '2012-02-13 05:49:32.598213', '2012-02-13 05:49:32.598213');
INSERT INTO entries_hosts(id, entry_id, host_id, created_at, updated_at) VALUES ('147', '147', '42', '2012-02-13 05:49:39.083649', '2012-02-13 05:49:39.083649');
INSERT INTO entries_hosts(id, entry_id, host_id, created_at, updated_at) VALUES ('148', '148', '42', '2012-02-13 05:50:06.106611', '2012-02-13 05:50:06.106611');
INSERT INTO entries_hosts(id, entry_id, host_id, created_at, updated_at) VALUES ('149', '149', '42', '2012-02-13 05:50:24.649362', '2012-02-13 05:50:24.649362');
INSERT INTO entries_hosts(id, entry_id, host_id, created_at, updated_at) VALUES ('150', '150', '42', '2012-02-13 05:50:41.097949', '2012-02-13 05:50:41.097949');
INSERT INTO entries_hosts(id, entry_id, host_id, created_at, updated_at) VALUES ('151', '151', '42', '2012-02-13 05:50:53.880694', '2012-02-13 05:50:53.880694');
INSERT INTO entries_hosts(id, entry_id, host_id, created_at, updated_at) VALUES ('152', '152', '42', '2012-02-13 05:53:40.705092', '2012-02-13 05:53:40.705092');
INSERT INTO entries_hosts(id, entry_id, host_id, created_at, updated_at) VALUES ('153', '153', '42', '2012-02-13 05:53:52.986332', '2012-02-13 05:53:52.986332');
INSERT INTO entries_hosts(id, entry_id, host_id, created_at, updated_at) VALUES ('154', '154', '42', '2012-02-13 05:54:09.371096', '2012-02-13 05:54:09.371096');
INSERT INTO entries_hosts(id, entry_id, host_id, created_at, updated_at) VALUES ('155', '155', '42', '2012-02-13 05:54:23.098483', '2012-02-13 05:54:23.098483');
INSERT INTO entries_hosts(id, entry_id, host_id, created_at, updated_at) VALUES ('156', '156', '42', '2012-02-13 05:54:40.981211', '2012-02-13 05:54:40.981211');
INSERT INTO entries_hosts(id, entry_id, host_id, created_at, updated_at) VALUES ('157', '157', '42', '2012-02-13 05:54:56.093211', '2012-02-13 05:54:56.093211');
INSERT INTO entries_hosts(id, entry_id, host_id, created_at, updated_at) VALUES ('158', '158', '42', '2012-02-13 05:55:10.826050', '2012-02-13 05:55:10.826050');
INSERT INTO entries_hosts(id, entry_id, host_id, created_at, updated_at) VALUES ('159', '159', '42', '2012-02-13 05:55:21.683862', '2012-02-13 05:55:21.683862');
INSERT INTO entries_hosts(id, entry_id, host_id, created_at, updated_at) VALUES ('160', '160', '42', '2012-02-13 05:55:56.140963', '2012-02-13 05:55:56.140963');
INSERT INTO entries_hosts(id, entry_id, host_id, created_at, updated_at) VALUES ('161', '161', '42', '2012-02-13 05:56:04.169050', '2012-02-13 05:56:04.169050');
INSERT INTO entries_hosts(id, entry_id, host_id, created_at, updated_at) VALUES ('162', '162', '42', '2012-02-13 05:58:20.755568', '2012-02-13 05:58:20.755568');
INSERT INTO entries_hosts(id, entry_id, host_id, created_at, updated_at) VALUES ('163', '163', '42', '2012-02-13 05:58:30.949864', '2012-02-13 05:58:30.949864');
INSERT INTO entries_hosts(id, entry_id, host_id, created_at, updated_at) VALUES ('164', '164', '42', '2012-02-13 05:58:47.837198', '2012-02-13 05:58:47.837198');


INSERT INTO hearts(id, user_id, entry_id, created_at, updated_at) VALUES ('69', '25', '64', '2012-02-13 04:17:06.938184', '2012-02-13 04:17:06.938184');
INSERT INTO hearts(id, user_id, entry_id, created_at, updated_at) VALUES ('70', '25', '65', '2012-02-13 04:17:43.822683', '2012-02-13 04:17:43.822683');
INSERT INTO hearts(id, user_id, entry_id, created_at, updated_at) VALUES ('71', '25', '66', '2012-02-13 04:18:25.738059', '2012-02-13 04:18:25.738059');
INSERT INTO hearts(id, user_id, entry_id, created_at, updated_at) VALUES ('72', '25', '67', '2012-02-13 04:18:55.805523', '2012-02-13 04:18:55.805523');
INSERT INTO hearts(id, user_id, entry_id, created_at, updated_at) VALUES ('73', '25', '68', '2012-02-13 04:19:55.547376', '2012-02-13 04:19:55.547376');
INSERT INTO hearts(id, user_id, entry_id, created_at, updated_at) VALUES ('74', '25', '69', '2012-02-13 04:20:48.461178', '2012-02-13 04:20:48.461178');
INSERT INTO hearts(id, user_id, entry_id, created_at, updated_at) VALUES ('75', '25', '70', '2012-02-13 04:20:56.039783', '2012-02-13 04:20:56.039783');
INSERT INTO hearts(id, user_id, entry_id, created_at, updated_at) VALUES ('76', '25', '71', '2012-02-13 04:22:10.108814', '2012-02-13 04:22:10.108814');
INSERT INTO hearts(id, user_id, entry_id, created_at, updated_at) VALUES ('77', '25', '72', '2012-02-13 04:22:18.535959', '2012-02-13 04:22:18.535959');
INSERT INTO hearts(id, user_id, entry_id, created_at, updated_at) VALUES ('78', '25', '73', '2012-02-13 04:22:26.097362', '2012-02-13 04:22:26.097362');
INSERT INTO hearts(id, user_id, entry_id, created_at, updated_at) VALUES ('79', '25', '74', '2012-02-13 04:22:58.877861', '2012-02-13 04:22:58.877861');
INSERT INTO hearts(id, user_id, entry_id, created_at, updated_at) VALUES ('80', '25', '75', '2012-02-13 04:23:54.104898', '2012-02-13 04:23:54.104898');
INSERT INTO hearts(id, user_id, entry_id, created_at, updated_at) VALUES ('81', '25', '76', '2012-02-13 04:24:02.224009', '2012-02-13 04:24:02.224009');
INSERT INTO hearts(id, user_id, entry_id, created_at, updated_at) VALUES ('82', '25', '77', '2012-02-13 04:24:09.594558', '2012-02-13 04:24:09.594558');
INSERT INTO hearts(id, user_id, entry_id, created_at, updated_at) VALUES ('83', '25', '78', '2012-02-13 04:24:44.759283', '2012-02-13 04:24:44.759283');
INSERT INTO hearts(id, user_id, entry_id, created_at, updated_at) VALUES ('84', '25', '79', '2012-02-13 04:24:50.658152', '2012-02-13 04:24:50.658152');
INSERT INTO hearts(id, user_id, entry_id, created_at, updated_at) VALUES ('85', '25', '80', '2012-02-13 04:25:00.128033', '2012-02-13 04:25:00.128033');
INSERT INTO hearts(id, user_id, entry_id, created_at, updated_at) VALUES ('86', '25', '81', '2012-02-13 04:28:51.126034', '2012-02-13 04:28:51.126034');
INSERT INTO hearts(id, user_id, entry_id, created_at, updated_at) VALUES ('87', '25', '82', '2012-02-13 04:28:57.451684', '2012-02-13 04:28:57.451684');
INSERT INTO hearts(id, user_id, entry_id, created_at, updated_at) VALUES ('88', '25', '83', '2012-02-13 04:29:04.598392', '2012-02-13 04:29:04.598392');
INSERT INTO hearts(id, user_id, entry_id, created_at, updated_at) VALUES ('89', '26', '84', '2012-02-13 05:11:06.613271', '2012-02-13 05:11:06.613271');
INSERT INTO hearts(id, user_id, entry_id, created_at, updated_at) VALUES ('90', '26', '85', '2012-02-13 05:11:13.898471', '2012-02-13 05:11:13.898471');
INSERT INTO hearts(id, user_id, entry_id, created_at, updated_at) VALUES ('91', '26', '86', '2012-02-13 05:11:20.427360', '2012-02-13 05:11:20.427360');
INSERT INTO hearts(id, user_id, entry_id, created_at, updated_at) VALUES ('92', '26', '87', '2012-02-13 05:13:26.089437', '2012-02-13 05:13:26.089437');
INSERT INTO hearts(id, user_id, entry_id, created_at, updated_at) VALUES ('93', '26', '88', '2012-02-13 05:13:31.558530', '2012-02-13 05:13:31.558530');
INSERT INTO hearts(id, user_id, entry_id, created_at, updated_at) VALUES ('94', '26', '89', '2012-02-13 05:13:38.798853', '2012-02-13 05:13:38.798853');
INSERT INTO hearts(id, user_id, entry_id, created_at, updated_at) VALUES ('95', '26', '90', '2012-02-13 05:14:15.125947', '2012-02-13 05:14:15.125947');
INSERT INTO hearts(id, user_id, entry_id, created_at, updated_at) VALUES ('96', '26', '91', '2012-02-13 05:14:20.917438', '2012-02-13 05:14:20.917438');
INSERT INTO hearts(id, user_id, entry_id, created_at, updated_at) VALUES ('97', '26', '92', '2012-02-13 05:14:32.126994', '2012-02-13 05:14:32.126994');
INSERT INTO hearts(id, user_id, entry_id, created_at, updated_at) VALUES ('98', '26', '93', '2012-02-13 05:15:56.960109', '2012-02-13 05:15:56.960109');
INSERT INTO hearts(id, user_id, entry_id, created_at, updated_at) VALUES ('99', '26', '94', '2012-02-13 05:16:06.339479', '2012-02-13 05:16:06.339479');
INSERT INTO hearts(id, user_id, entry_id, created_at, updated_at) VALUES ('100', '26', '95', '2012-02-13 05:16:42.354844', '2012-02-13 05:16:42.354844');
INSERT INTO hearts(id, user_id, entry_id, created_at, updated_at) VALUES ('101', '26', '96', '2012-02-13 05:16:48.582982', '2012-02-13 05:16:48.582982');
INSERT INTO hearts(id, user_id, entry_id, created_at, updated_at) VALUES ('102', '26', '97', '2012-02-13 05:16:54.876889', '2012-02-13 05:16:54.876889');
INSERT INTO hearts(id, user_id, entry_id, created_at, updated_at) VALUES ('103', '26', '98', '2012-02-13 05:17:46.096673', '2012-02-13 05:17:46.096673');
INSERT INTO hearts(id, user_id, entry_id, created_at, updated_at) VALUES ('104', '26', '99', '2012-02-13 05:17:52.118437', '2012-02-13 05:17:52.118437');
INSERT INTO hearts(id, user_id, entry_id, created_at, updated_at) VALUES ('105', '26', '100', '2012-02-13 05:17:58.861329', '2012-02-13 05:17:58.861329');
INSERT INTO hearts(id, user_id, entry_id, created_at, updated_at) VALUES ('106', '26', '101', '2012-02-13 05:24:19.202722', '2012-02-13 05:24:19.202722');
INSERT INTO hearts(id, user_id, entry_id, created_at, updated_at) VALUES ('107', '26', '102', '2012-02-13 05:26:54.610283', '2012-02-13 05:26:54.610283');
INSERT INTO hearts(id, user_id, entry_id, created_at, updated_at) VALUES ('108', '26', '103', '2012-02-13 05:27:50.322424', '2012-02-13 05:27:50.322424');
INSERT INTO hearts(id, user_id, entry_id, created_at, updated_at) VALUES ('109', '27', '104', '2012-02-13 05:27:56.287261', '2012-02-13 05:27:56.287261');
INSERT INTO hearts(id, user_id, entry_id, created_at, updated_at) VALUES ('110', '27', '105', '2012-02-13 05:28:03.845361', '2012-02-13 05:28:03.845361');
INSERT INTO hearts(id, user_id, entry_id, created_at, updated_at) VALUES ('111', '27', '106', '2012-02-13 05:28:10.236567', '2012-02-13 05:28:10.236567');
INSERT INTO hearts(id, user_id, entry_id, created_at, updated_at) VALUES ('112', '27', '107', '2012-02-13 05:28:22.438886', '2012-02-13 05:28:22.438886');
INSERT INTO hearts(id, user_id, entry_id, created_at, updated_at) VALUES ('113', '27', '108', '2012-02-13 05:28:29.118269', '2012-02-13 05:28:29.118269');
INSERT INTO hearts(id, user_id, entry_id, created_at, updated_at) VALUES ('114', '27', '109', '2012-02-13 05:28:37.212688', '2012-02-13 05:28:37.212688');
INSERT INTO hearts(id, user_id, entry_id, created_at, updated_at) VALUES ('115', '27', '110', '2012-02-13 05:30:16.924613', '2012-02-13 05:30:16.924613');
INSERT INTO hearts(id, user_id, entry_id, created_at, updated_at) VALUES ('116', '27', '111', '2012-02-13 05:30:31.242820', '2012-02-13 05:30:31.242820');
INSERT INTO hearts(id, user_id, entry_id, created_at, updated_at) VALUES ('117', '27', '112', '2012-02-13 05:30:43.478007', '2012-02-13 05:30:43.478007');
INSERT INTO hearts(id, user_id, entry_id, created_at, updated_at) VALUES ('118', '27', '113', '2012-02-13 05:31:34.926020', '2012-02-13 05:31:34.926020');
INSERT INTO hearts(id, user_id, entry_id, created_at, updated_at) VALUES ('119', '27', '114', '2012-02-13 05:31:45.515531', '2012-02-13 05:31:45.515531');
INSERT INTO hearts(id, user_id, entry_id, created_at, updated_at) VALUES ('120', '27', '115', '2012-02-13 05:31:51.526094', '2012-02-13 05:31:51.526094');
INSERT INTO hearts(id, user_id, entry_id, created_at, updated_at) VALUES ('121', '27', '116', '2012-02-13 05:31:59.853400', '2012-02-13 05:31:59.853400');
INSERT INTO hearts(id, user_id, entry_id, created_at, updated_at) VALUES ('122', '27', '117', '2012-02-13 05:32:07.912822', '2012-02-13 05:32:07.912822');
INSERT INTO hearts(id, user_id, entry_id, created_at, updated_at) VALUES ('123', '27', '118', '2012-02-13 05:32:59.767067', '2012-02-13 05:32:59.767067');
INSERT INTO hearts(id, user_id, entry_id, created_at, updated_at) VALUES ('124', '27', '119', '2012-02-13 05:33:05.766520', '2012-02-13 05:33:05.766520');
INSERT INTO hearts(id, user_id, entry_id, created_at, updated_at) VALUES ('125', '27', '120', '2012-02-13 05:33:12.559861', '2012-02-13 05:33:12.559861');
INSERT INTO hearts(id, user_id, entry_id, created_at, updated_at) VALUES ('126', '27', '121', '2012-02-13 05:34:10.386339', '2012-02-13 05:34:10.386339');
INSERT INTO hearts(id, user_id, entry_id, created_at, updated_at) VALUES ('127', '27', '122', '2012-02-13 05:36:48.842546', '2012-02-13 05:36:48.842546');
INSERT INTO hearts(id, user_id, entry_id, created_at, updated_at) VALUES ('128', '27', '123', '2012-02-13 05:36:58.144401', '2012-02-13 05:36:58.144401');
INSERT INTO hearts(id, user_id, entry_id, created_at, updated_at) VALUES ('129', '28', '124', '2012-02-13 05:37:46.862874', '2012-02-13 05:37:46.862874');
INSERT INTO hearts(id, user_id, entry_id, created_at, updated_at) VALUES ('130', '28', '125', '2012-02-13 05:37:52.083473', '2012-02-13 05:37:52.083473');
INSERT INTO hearts(id, user_id, entry_id, created_at, updated_at) VALUES ('131', '28', '126', '2012-02-13 05:37:58.393323', '2012-02-13 05:37:58.393323');
INSERT INTO hearts(id, user_id, entry_id, created_at, updated_at) VALUES ('132', '28', '127', '2012-02-13 05:39:14.103229', '2012-02-13 05:39:14.103229');
INSERT INTO hearts(id, user_id, entry_id, created_at, updated_at) VALUES ('133', '28', '128', '2012-02-13 05:39:20.143270', '2012-02-13 05:39:20.143270');
INSERT INTO hearts(id, user_id, entry_id, created_at, updated_at) VALUES ('134', '28', '129', '2012-02-13 05:39:25.981380', '2012-02-13 05:39:25.981380');
INSERT INTO hearts(id, user_id, entry_id, created_at, updated_at) VALUES ('135', '28', '130', '2012-02-13 05:39:34.154697', '2012-02-13 05:39:34.154697');
INSERT INTO hearts(id, user_id, entry_id, created_at, updated_at) VALUES ('136', '28', '131', '2012-02-13 05:39:42.675099', '2012-02-13 05:39:42.675099');
INSERT INTO hearts(id, user_id, entry_id, created_at, updated_at) VALUES ('137', '28', '132', '2012-02-13 05:39:51.126279', '2012-02-13 05:39:51.126279');
INSERT INTO hearts(id, user_id, entry_id, created_at, updated_at) VALUES ('138', '28', '133', '2012-02-13 05:41:21.371121', '2012-02-13 05:41:21.371121');
INSERT INTO hearts(id, user_id, entry_id, created_at, updated_at) VALUES ('139', '28', '134', '2012-02-13 05:41:27.135791', '2012-02-13 05:41:27.135791');
INSERT INTO hearts(id, user_id, entry_id, created_at, updated_at) VALUES ('140', '28', '135', '2012-02-13 05:41:33.270384', '2012-02-13 05:41:33.270384');
INSERT INTO hearts(id, user_id, entry_id, created_at, updated_at) VALUES ('141', '28', '136', '2012-02-13 05:42:10.705175', '2012-02-13 05:42:10.705175');
INSERT INTO hearts(id, user_id, entry_id, created_at, updated_at) VALUES ('142', '28', '137', '2012-02-13 05:42:16.615489', '2012-02-13 05:42:16.615489');
INSERT INTO hearts(id, user_id, entry_id, created_at, updated_at) VALUES ('143', '28', '138', '2012-02-13 05:42:23.751617', '2012-02-13 05:42:23.751617');
INSERT INTO hearts(id, user_id, entry_id, created_at, updated_at) VALUES ('144', '28', '139', '2012-02-13 05:42:57.043445', '2012-02-13 05:42:57.043445');
INSERT INTO hearts(id, user_id, entry_id, created_at, updated_at) VALUES ('145', '28', '140', '2012-02-13 05:43:08.729109', '2012-02-13 05:43:08.729109');
INSERT INTO hearts(id, user_id, entry_id, created_at, updated_at) VALUES ('146', '28', '141', '2012-02-13 05:44:35.368805', '2012-02-13 05:44:35.368805');
INSERT INTO hearts(id, user_id, entry_id, created_at, updated_at) VALUES ('147', '28', '142', '2012-02-13 05:48:33.923837', '2012-02-13 05:48:33.923837');
INSERT INTO hearts(id, user_id, entry_id, created_at, updated_at) VALUES ('148', '28', '143', '2012-02-13 05:48:39.919570', '2012-02-13 05:48:39.919570');
INSERT INTO hearts(id, user_id, entry_id, created_at, updated_at) VALUES ('149', '29', '144', '2012-02-13 05:48:45.016511', '2012-02-13 05:48:45.016511');
INSERT INTO hearts(id, user_id, entry_id, created_at, updated_at) VALUES ('150', '29', '145', '2012-02-13 05:49:30.101561', '2012-02-13 05:49:30.101561');
INSERT INTO hearts(id, user_id, entry_id, created_at, updated_at) VALUES ('151', '29', '146', '2012-02-13 05:49:36.692822', '2012-02-13 05:49:36.692822');
INSERT INTO hearts(id, user_id, entry_id, created_at, updated_at) VALUES ('152', '29', '147', '2012-02-13 05:49:43.013176', '2012-02-13 05:49:43.013176');
INSERT INTO hearts(id, user_id, entry_id, created_at, updated_at) VALUES ('153', '29', '148', '2012-02-13 05:50:10.151644', '2012-02-13 05:50:10.151644');
INSERT INTO hearts(id, user_id, entry_id, created_at, updated_at) VALUES ('154', '29', '149', '2012-02-13 05:50:28.651162', '2012-02-13 05:50:28.651162');
INSERT INTO hearts(id, user_id, entry_id, created_at, updated_at) VALUES ('155', '29', '150', '2012-02-13 05:50:44.997633', '2012-02-13 05:50:44.997633');
INSERT INTO hearts(id, user_id, entry_id, created_at, updated_at) VALUES ('156', '29', '151', '2012-02-13 05:50:57.125129', '2012-02-13 05:50:57.125129');
INSERT INTO hearts(id, user_id, entry_id, created_at, updated_at) VALUES ('157', '29', '152', '2012-02-13 05:53:44.831497', '2012-02-13 05:53:44.831497');
INSERT INTO hearts(id, user_id, entry_id, created_at, updated_at) VALUES ('158', '29', '153', '2012-02-13 05:53:56.466265', '2012-02-13 05:53:56.466265');
INSERT INTO hearts(id, user_id, entry_id, created_at, updated_at) VALUES ('159', '29', '154', '2012-02-13 05:54:12.990586', '2012-02-13 05:54:12.990586');
INSERT INTO hearts(id, user_id, entry_id, created_at, updated_at) VALUES ('160', '29', '155', '2012-02-13 05:54:26.457923', '2012-02-13 05:54:26.457923');
INSERT INTO hearts(id, user_id, entry_id, created_at, updated_at) VALUES ('161', '29', '156', '2012-02-13 05:54:44.873610', '2012-02-13 05:54:44.873610');
INSERT INTO hearts(id, user_id, entry_id, created_at, updated_at) VALUES ('162', '29', '157', '2012-02-13 05:54:59.516748', '2012-02-13 05:54:59.516748');
INSERT INTO hearts(id, user_id, entry_id, created_at, updated_at) VALUES ('163', '29', '158', '2012-02-13 05:55:14.793044', '2012-02-13 05:55:14.793044');
INSERT INTO hearts(id, user_id, entry_id, created_at, updated_at) VALUES ('164', '29', '159', '2012-02-13 05:55:25.771771', '2012-02-13 05:55:25.771771');
INSERT INTO hearts(id, user_id, entry_id, created_at, updated_at) VALUES ('165', '29', '160', '2012-02-13 05:56:01.773309', '2012-02-13 05:56:01.773309');
INSERT INTO hearts(id, user_id, entry_id, created_at, updated_at) VALUES ('166', '29', '161', '2012-02-13 05:56:07.776085', '2012-02-13 05:56:07.776085');
INSERT INTO hearts(id, user_id, entry_id, created_at, updated_at) VALUES ('167', '29', '162', '2012-02-13 05:58:25.164081', '2012-02-13 05:58:25.164081');
INSERT INTO hearts(id, user_id, entry_id, created_at, updated_at) VALUES ('168', '29', '163', '2012-02-13 05:58:34.311643', '2012-02-13 05:58:34.311643');
INSERT INTO hearts(id, user_id, entry_id, created_at, updated_at) VALUES ('169', '29', '164', '2012-02-13 05:58:52.039145', '2012-02-13 05:58:52.039145');


INSERT INTO heart_details(id, heart_id, user_id, entry_id, url, referrer, responsible_user_id, bookmarklet_version, user_agent, created_at, updated_at) VALUES ('5', '69', '25', '64', 'http://piccsy.com/', null, '25', '1.0.1', 'Mozilla/5.0 (Macintosh; Intel Mac OS X 10_7_0) AppleWebKit/535.11 (KHTML, like Gecko) Chrome/17.0.963.46 Safari/535.11', '2012-02-13 04:17:07.035030', '2012-02-13 04:17:07.035030');
INSERT INTO heart_details(id, heart_id, user_id, entry_id, url, referrer, responsible_user_id, bookmarklet_version, user_agent, created_at, updated_at) VALUES ('6', '70', '25', '65', 'http://piccsy.com/', null, '25', '1.0.1', 'Mozilla/5.0 (Macintosh; Intel Mac OS X 10_7_0) AppleWebKit/535.11 (KHTML, like Gecko) Chrome/17.0.963.46 Safari/535.11', '2012-02-13 04:17:43.928919', '2012-02-13 04:17:43.928919');
INSERT INTO heart_details(id, heart_id, user_id, entry_id, url, referrer, responsible_user_id, bookmarklet_version, user_agent, created_at, updated_at) VALUES ('7', '71', '25', '66', 'http://piccsy.com/', null, '25', '1.0.1', 'Mozilla/5.0 (Macintosh; Intel Mac OS X 10_7_0) AppleWebKit/535.11 (KHTML, like Gecko) Chrome/17.0.963.46 Safari/535.11', '2012-02-13 04:18:25.834667', '2012-02-13 04:18:25.834667');
INSERT INTO heart_details(id, heart_id, user_id, entry_id, url, referrer, responsible_user_id, bookmarklet_version, user_agent, created_at, updated_at) VALUES ('8', '72', '25', '67', 'http://piccsy.com/', null, '25', '1.0.1', 'Mozilla/5.0 (Macintosh; Intel Mac OS X 10_7_0) AppleWebKit/535.11 (KHTML, like Gecko) Chrome/17.0.963.46 Safari/535.11', '2012-02-13 04:18:55.911447', '2012-02-13 04:18:55.911447');
INSERT INTO heart_details(id, heart_id, user_id, entry_id, url, referrer, responsible_user_id, bookmarklet_version, user_agent, created_at, updated_at) VALUES ('9', '73', '25', '68', 'http://piccsy.com/', null, '25', '1.0.1', 'Mozilla/5.0 (Macintosh; Intel Mac OS X 10_7_0) AppleWebKit/535.11 (KHTML, like Gecko) Chrome/17.0.963.46 Safari/535.11', '2012-02-13 04:19:55.672740', '2012-02-13 04:19:55.672740');
INSERT INTO heart_details(id, heart_id, user_id, entry_id, url, referrer, responsible_user_id, bookmarklet_version, user_agent, created_at, updated_at) VALUES ('10', '74', '25', '69', 'http://piccsy.com/?page=2', null, '25', '1.0.1', 'Mozilla/5.0 (Macintosh; Intel Mac OS X 10_7_0) AppleWebKit/535.11 (KHTML, like Gecko) Chrome/17.0.963.46 Safari/535.11', '2012-02-13 04:20:48.559721', '2012-02-13 04:20:48.559721');
INSERT INTO heart_details(id, heart_id, user_id, entry_id, url, referrer, responsible_user_id, bookmarklet_version, user_agent, created_at, updated_at) VALUES ('11', '75', '25', '70', 'http://piccsy.com/?page=2', null, '25', '1.0.1', 'Mozilla/5.0 (Macintosh; Intel Mac OS X 10_7_0) AppleWebKit/535.11 (KHTML, like Gecko) Chrome/17.0.963.46 Safari/535.11', '2012-02-13 04:20:56.137146', '2012-02-13 04:20:56.137146');
INSERT INTO heart_details(id, heart_id, user_id, entry_id, url, referrer, responsible_user_id, bookmarklet_version, user_agent, created_at, updated_at) VALUES ('12', '76', '25', '71', 'http://piccsy.com/?page=2', null, '25', '1.0.1', 'Mozilla/5.0 (Macintosh; Intel Mac OS X 10_7_0) AppleWebKit/535.11 (KHTML, like Gecko) Chrome/17.0.963.46 Safari/535.11', '2012-02-13 04:22:10.164743', '2012-02-13 04:22:10.164743');
INSERT INTO heart_details(id, heart_id, user_id, entry_id, url, referrer, responsible_user_id, bookmarklet_version, user_agent, created_at, updated_at) VALUES ('13', '77', '25', '72', 'http://piccsy.com/?page=2', null, '25', '1.0.1', 'Mozilla/5.0 (Macintosh; Intel Mac OS X 10_7_0) AppleWebKit/535.11 (KHTML, like Gecko) Chrome/17.0.963.46 Safari/535.11', '2012-02-13 04:22:18.601527', '2012-02-13 04:22:18.601527');
INSERT INTO heart_details(id, heart_id, user_id, entry_id, url, referrer, responsible_user_id, bookmarklet_version, user_agent, created_at, updated_at) VALUES ('14', '78', '25', '73', 'http://piccsy.com/?page=2', null, '25', '1.0.1', 'Mozilla/5.0 (Macintosh; Intel Mac OS X 10_7_0) AppleWebKit/535.11 (KHTML, like Gecko) Chrome/17.0.963.46 Safari/535.11', '2012-02-13 04:22:26.206316', '2012-02-13 04:22:26.206316');
INSERT INTO heart_details(id, heart_id, user_id, entry_id, url, referrer, responsible_user_id, bookmarklet_version, user_agent, created_at, updated_at) VALUES ('15', '79', '25', '74', 'http://piccsy.com/?page=2', null, '25', '1.0.1', 'Mozilla/5.0 (Macintosh; Intel Mac OS X 10_7_0) AppleWebKit/535.11 (KHTML, like Gecko) Chrome/17.0.963.46 Safari/535.11', '2012-02-13 04:22:58.924526', '2012-02-13 04:22:58.924526');
INSERT INTO heart_details(id, heart_id, user_id, entry_id, url, referrer, responsible_user_id, bookmarklet_version, user_agent, created_at, updated_at) VALUES ('16', '80', '25', '75', 'http://piccsy.com/?page=2', null, '25', '1.0.1', 'Mozilla/5.0 (Macintosh; Intel Mac OS X 10_7_0) AppleWebKit/535.11 (KHTML, like Gecko) Chrome/17.0.963.46 Safari/535.11', '2012-02-13 04:23:54.143836', '2012-02-13 04:23:54.143836');
INSERT INTO heart_details(id, heart_id, user_id, entry_id, url, referrer, responsible_user_id, bookmarklet_version, user_agent, created_at, updated_at) VALUES ('17', '81', '25', '76', 'http://piccsy.com/?page=2', null, '25', '1.0.1', 'Mozilla/5.0 (Macintosh; Intel Mac OS X 10_7_0) AppleWebKit/535.11 (KHTML, like Gecko) Chrome/17.0.963.46 Safari/535.11', '2012-02-13 04:24:02.323775', '2012-02-13 04:24:02.323775');
INSERT INTO heart_details(id, heart_id, user_id, entry_id, url, referrer, responsible_user_id, bookmarklet_version, user_agent, created_at, updated_at) VALUES ('18', '82', '25', '77', 'http://piccsy.com/?page=2', null, '25', '1.0.1', 'Mozilla/5.0 (Macintosh; Intel Mac OS X 10_7_0) AppleWebKit/535.11 (KHTML, like Gecko) Chrome/17.0.963.46 Safari/535.11', '2012-02-13 04:24:09.730317', '2012-02-13 04:24:09.730317');
INSERT INTO heart_details(id, heart_id, user_id, entry_id, url, referrer, responsible_user_id, bookmarklet_version, user_agent, created_at, updated_at) VALUES ('19', '83', '25', '78', 'http://piccsy.com/?page=2', null, '25', '1.0.1', 'Mozilla/5.0 (Macintosh; Intel Mac OS X 10_7_0) AppleWebKit/535.11 (KHTML, like Gecko) Chrome/17.0.963.46 Safari/535.11', '2012-02-13 04:24:44.792578', '2012-02-13 04:24:44.792578');
INSERT INTO heart_details(id, heart_id, user_id, entry_id, url, referrer, responsible_user_id, bookmarklet_version, user_agent, created_at, updated_at) VALUES ('20', '84', '25', '79', 'http://piccsy.com/?page=2', null, '25', '1.0.1', 'Mozilla/5.0 (Macintosh; Intel Mac OS X 10_7_0) AppleWebKit/535.11 (KHTML, like Gecko) Chrome/17.0.963.46 Safari/535.11', '2012-02-13 04:24:50.690870', '2012-02-13 04:24:50.690870');
INSERT INTO heart_details(id, heart_id, user_id, entry_id, url, referrer, responsible_user_id, bookmarklet_version, user_agent, created_at, updated_at) VALUES ('21', '85', '25', '80', 'http://piccsy.com/?page=2', null, '25', '1.0.1', 'Mozilla/5.0 (Macintosh; Intel Mac OS X 10_7_0) AppleWebKit/535.11 (KHTML, like Gecko) Chrome/17.0.963.46 Safari/535.11', '2012-02-13 04:25:00.163364', '2012-02-13 04:25:00.163364');
INSERT INTO heart_details(id, heart_id, user_id, entry_id, url, referrer, responsible_user_id, bookmarklet_version, user_agent, created_at, updated_at) VALUES ('22', '86', '25', '81', 'http://piccsy.com/?page=2', null, '25', '1.0.1', 'Mozilla/5.0 (Macintosh; Intel Mac OS X 10_7_0) AppleWebKit/535.11 (KHTML, like Gecko) Chrome/17.0.963.46 Safari/535.11', '2012-02-13 04:28:51.229327', '2012-02-13 04:28:51.229327');
INSERT INTO heart_details(id, heart_id, user_id, entry_id, url, referrer, responsible_user_id, bookmarklet_version, user_agent, created_at, updated_at) VALUES ('23', '87', '25', '82', 'http://piccsy.com/?page=2', null, '25', '1.0.1', 'Mozilla/5.0 (Macintosh; Intel Mac OS X 10_7_0) AppleWebKit/535.11 (KHTML, like Gecko) Chrome/17.0.963.46 Safari/535.11', '2012-02-13 04:28:57.559436', '2012-02-13 04:28:57.559436');
INSERT INTO heart_details(id, heart_id, user_id, entry_id, url, referrer, responsible_user_id, bookmarklet_version, user_agent, created_at, updated_at) VALUES ('24', '88', '25', '83', 'http://piccsy.com/?page=2', null, '25', '1.0.1', 'Mozilla/5.0 (Macintosh; Intel Mac OS X 10_7_0) AppleWebKit/535.11 (KHTML, like Gecko) Chrome/17.0.963.46 Safari/535.11', '2012-02-13 04:29:04.638782', '2012-02-13 04:29:04.638782');
INSERT INTO heart_details(id, heart_id, user_id, entry_id, url, referrer, responsible_user_id, bookmarklet_version, user_agent, created_at, updated_at) VALUES ('25', '89', '26', '84', 'http://piccsy.com/?page=2', null, '26', '1.0.1', 'Mozilla/5.0 (Macintosh; Intel Mac OS X 10_7_0) AppleWebKit/535.11 (KHTML, like Gecko) Chrome/17.0.963.46 Safari/535.11', '2012-02-13 05:11:06.736579', '2012-02-13 05:11:06.736579');
INSERT INTO heart_details(id, heart_id, user_id, entry_id, url, referrer, responsible_user_id, bookmarklet_version, user_agent, created_at, updated_at) VALUES ('26', '90', '26', '85', 'http://piccsy.com/?page=2', null, '26', '1.0.1', 'Mozilla/5.0 (Macintosh; Intel Mac OS X 10_7_0) AppleWebKit/535.11 (KHTML, like Gecko) Chrome/17.0.963.46 Safari/535.11', '2012-02-13 05:11:14.016100', '2012-02-13 05:11:14.016100');
INSERT INTO heart_details(id, heart_id, user_id, entry_id, url, referrer, responsible_user_id, bookmarklet_version, user_agent, created_at, updated_at) VALUES ('27', '91', '26', '86', 'http://piccsy.com/?page=2', null, '26', '1.0.1', 'Mozilla/5.0 (Macintosh; Intel Mac OS X 10_7_0) AppleWebKit/535.11 (KHTML, like Gecko) Chrome/17.0.963.46 Safari/535.11', '2012-02-13 05:11:20.537189', '2012-02-13 05:11:20.537189');
INSERT INTO heart_details(id, heart_id, user_id, entry_id, url, referrer, responsible_user_id, bookmarklet_version, user_agent, created_at, updated_at) VALUES ('28', '92', '26', '87', 'http://piccsy.com/?page=3', null, '26', '1.0.1', 'Mozilla/5.0 (Macintosh; Intel Mac OS X 10_7_0) AppleWebKit/535.11 (KHTML, like Gecko) Chrome/17.0.963.46 Safari/535.11', '2012-02-13 05:13:26.149381', '2012-02-13 05:13:26.149381');
INSERT INTO heart_details(id, heart_id, user_id, entry_id, url, referrer, responsible_user_id, bookmarklet_version, user_agent, created_at, updated_at) VALUES ('29', '93', '26', '88', 'http://piccsy.com/?page=3', null, '26', '1.0.1', 'Mozilla/5.0 (Macintosh; Intel Mac OS X 10_7_0) AppleWebKit/535.11 (KHTML, like Gecko) Chrome/17.0.963.46 Safari/535.11', '2012-02-13 05:13:31.666429', '2012-02-13 05:13:31.666429');
INSERT INTO heart_details(id, heart_id, user_id, entry_id, url, referrer, responsible_user_id, bookmarklet_version, user_agent, created_at, updated_at) VALUES ('30', '94', '26', '89', 'http://piccsy.com/?page=3', null, '26', '1.0.1', 'Mozilla/5.0 (Macintosh; Intel Mac OS X 10_7_0) AppleWebKit/535.11 (KHTML, like Gecko) Chrome/17.0.963.46 Safari/535.11', '2012-02-13 05:13:38.906811', '2012-02-13 05:13:38.906811');
INSERT INTO heart_details(id, heart_id, user_id, entry_id, url, referrer, responsible_user_id, bookmarklet_version, user_agent, created_at, updated_at) VALUES ('31', '95', '26', '90', 'http://piccsy.com/?page=3', null, '26', '1.0.1', 'Mozilla/5.0 (Macintosh; Intel Mac OS X 10_7_0) AppleWebKit/535.11 (KHTML, like Gecko) Chrome/17.0.963.46 Safari/535.11', '2012-02-13 05:14:15.162247', '2012-02-13 05:14:15.162247');
INSERT INTO heart_details(id, heart_id, user_id, entry_id, url, referrer, responsible_user_id, bookmarklet_version, user_agent, created_at, updated_at) VALUES ('32', '96', '26', '91', 'http://piccsy.com/?page=3', null, '26', '1.0.1', 'Mozilla/5.0 (Macintosh; Intel Mac OS X 10_7_0) AppleWebKit/535.11 (KHTML, like Gecko) Chrome/17.0.963.46 Safari/535.11', '2012-02-13 05:14:20.967046', '2012-02-13 05:14:20.967046');
INSERT INTO heart_details(id, heart_id, user_id, entry_id, url, referrer, responsible_user_id, bookmarklet_version, user_agent, created_at, updated_at) VALUES ('33', '97', '26', '92', 'http://piccsy.com/?page=3', null, '26', '1.0.1', 'Mozilla/5.0 (Macintosh; Intel Mac OS X 10_7_0) AppleWebKit/535.11 (KHTML, like Gecko) Chrome/17.0.963.46 Safari/535.11', '2012-02-13 05:14:32.170168', '2012-02-13 05:14:32.170168');
INSERT INTO heart_details(id, heart_id, user_id, entry_id, url, referrer, responsible_user_id, bookmarklet_version, user_agent, created_at, updated_at) VALUES ('34', '98', '26', '93', 'http://piccsy.com/?page=3', null, '26', '1.0.1', 'Mozilla/5.0 (Macintosh; Intel Mac OS X 10_7_0) AppleWebKit/535.11 (KHTML, like Gecko) Chrome/17.0.963.46 Safari/535.11', '2012-02-13 05:15:57.002090', '2012-02-13 05:15:57.002090');
INSERT INTO heart_details(id, heart_id, user_id, entry_id, url, referrer, responsible_user_id, bookmarklet_version, user_agent, created_at, updated_at) VALUES ('35', '99', '26', '94', 'http://piccsy.com/?page=3', null, '26', '1.0.1', 'Mozilla/5.0 (Macintosh; Intel Mac OS X 10_7_0) AppleWebKit/535.11 (KHTML, like Gecko) Chrome/17.0.963.46 Safari/535.11', '2012-02-13 05:16:06.387981', '2012-02-13 05:16:06.387981');
INSERT INTO heart_details(id, heart_id, user_id, entry_id, url, referrer, responsible_user_id, bookmarklet_version, user_agent, created_at, updated_at) VALUES ('36', '100', '26', '95', 'http://piccsy.com/?page=3', null, '26', '1.0.1', 'Mozilla/5.0 (Macintosh; Intel Mac OS X 10_7_0) AppleWebKit/535.11 (KHTML, like Gecko) Chrome/17.0.963.46 Safari/535.11', '2012-02-13 05:16:42.414532', '2012-02-13 05:16:42.414532');
INSERT INTO heart_details(id, heart_id, user_id, entry_id, url, referrer, responsible_user_id, bookmarklet_version, user_agent, created_at, updated_at) VALUES ('37', '101', '26', '96', 'http://piccsy.com/?page=3', null, '26', '1.0.1', 'Mozilla/5.0 (Macintosh; Intel Mac OS X 10_7_0) AppleWebKit/535.11 (KHTML, like Gecko) Chrome/17.0.963.46 Safari/535.11', '2012-02-13 05:16:48.617490', '2012-02-13 05:16:48.617490');
INSERT INTO heart_details(id, heart_id, user_id, entry_id, url, referrer, responsible_user_id, bookmarklet_version, user_agent, created_at, updated_at) VALUES ('38', '102', '26', '97', 'http://piccsy.com/?page=3', null, '26', '1.0.1', 'Mozilla/5.0 (Macintosh; Intel Mac OS X 10_7_0) AppleWebKit/535.11 (KHTML, like Gecko) Chrome/17.0.963.46 Safari/535.11', '2012-02-13 05:16:55.010499', '2012-02-13 05:16:55.010499');
INSERT INTO heart_details(id, heart_id, user_id, entry_id, url, referrer, responsible_user_id, bookmarklet_version, user_agent, created_at, updated_at) VALUES ('39', '103', '26', '98', 'http://piccsy.com/?page=4', null, '26', '1.0.1', 'Mozilla/5.0 (Macintosh; Intel Mac OS X 10_7_0) AppleWebKit/535.11 (KHTML, like Gecko) Chrome/17.0.963.46 Safari/535.11', '2012-02-13 05:17:46.137819', '2012-02-13 05:17:46.137819');
INSERT INTO heart_details(id, heart_id, user_id, entry_id, url, referrer, responsible_user_id, bookmarklet_version, user_agent, created_at, updated_at) VALUES ('40', '104', '26', '99', 'http://piccsy.com/?page=4', null, '26', '1.0.1', 'Mozilla/5.0 (Macintosh; Intel Mac OS X 10_7_0) AppleWebKit/535.11 (KHTML, like Gecko) Chrome/17.0.963.46 Safari/535.11', '2012-02-13 05:17:52.152652', '2012-02-13 05:17:52.152652');
INSERT INTO heart_details(id, heart_id, user_id, entry_id, url, referrer, responsible_user_id, bookmarklet_version, user_agent, created_at, updated_at) VALUES ('41', '105', '26', '100', 'http://piccsy.com/?page=4', null, '26', '1.0.1', 'Mozilla/5.0 (Macintosh; Intel Mac OS X 10_7_0) AppleWebKit/535.11 (KHTML, like Gecko) Chrome/17.0.963.46 Safari/535.11', '2012-02-13 05:17:58.908381', '2012-02-13 05:17:58.908381');
INSERT INTO heart_details(id, heart_id, user_id, entry_id, url, referrer, responsible_user_id, bookmarklet_version, user_agent, created_at, updated_at) VALUES ('42', '106', '26', '101', 'http://piccsy.com/?page=4', null, '26', '1.0.1', 'Mozilla/5.0 (Macintosh; Intel Mac OS X 10_7_0) AppleWebKit/535.11 (KHTML, like Gecko) Chrome/17.0.963.46 Safari/535.11', '2012-02-13 05:24:19.323693', '2012-02-13 05:24:19.323693');
INSERT INTO heart_details(id, heart_id, user_id, entry_id, url, referrer, responsible_user_id, bookmarklet_version, user_agent, created_at, updated_at) VALUES ('43', '107', '26', '102', 'http://piccsy.com/?page=4', null, '26', '1.0.1', 'Mozilla/5.0 (Macintosh; Intel Mac OS X 10_7_0) AppleWebKit/535.11 (KHTML, like Gecko) Chrome/17.0.963.46 Safari/535.11', '2012-02-13 05:26:54.646248', '2012-02-13 05:26:54.646248');
INSERT INTO heart_details(id, heart_id, user_id, entry_id, url, referrer, responsible_user_id, bookmarklet_version, user_agent, created_at, updated_at) VALUES ('44', '108', '26', '103', 'http://piccsy.com/?page=4', null, '26', '1.0.1', 'Mozilla/5.0 (Macintosh; Intel Mac OS X 10_7_0) AppleWebKit/535.11 (KHTML, like Gecko) Chrome/17.0.963.46 Safari/535.11', '2012-02-13 05:27:50.362974', '2012-02-13 05:27:50.362974');
INSERT INTO heart_details(id, heart_id, user_id, entry_id, url, referrer, responsible_user_id, bookmarklet_version, user_agent, created_at, updated_at) VALUES ('45', '109', '27', '104', 'http://piccsy.com/?page=4', null, '27', '1.0.1', 'Mozilla/5.0 (Macintosh; Intel Mac OS X 10_7_0) AppleWebKit/535.11 (KHTML, like Gecko) Chrome/17.0.963.46 Safari/535.11', '2012-02-13 05:27:56.360936', '2012-02-13 05:27:56.360936');
INSERT INTO heart_details(id, heart_id, user_id, entry_id, url, referrer, responsible_user_id, bookmarklet_version, user_agent, created_at, updated_at) VALUES ('46', '110', '27', '105', 'http://piccsy.com/?page=4', null, '27', '1.0.1', 'Mozilla/5.0 (Macintosh; Intel Mac OS X 10_7_0) AppleWebKit/535.11 (KHTML, like Gecko) Chrome/17.0.963.46 Safari/535.11', '2012-02-13 05:28:03.888433', '2012-02-13 05:28:03.888433');
INSERT INTO heart_details(id, heart_id, user_id, entry_id, url, referrer, responsible_user_id, bookmarklet_version, user_agent, created_at, updated_at) VALUES ('47', '111', '27', '106', 'http://piccsy.com/?page=4', null, '27', '1.0.1', 'Mozilla/5.0 (Macintosh; Intel Mac OS X 10_7_0) AppleWebKit/535.11 (KHTML, like Gecko) Chrome/17.0.963.46 Safari/535.11', '2012-02-13 05:28:10.371933', '2012-02-13 05:28:10.371933');
INSERT INTO heart_details(id, heart_id, user_id, entry_id, url, referrer, responsible_user_id, bookmarklet_version, user_agent, created_at, updated_at) VALUES ('48', '112', '27', '107', 'http://piccsy.com/?page=4', null, '27', '1.0.1', 'Mozilla/5.0 (Macintosh; Intel Mac OS X 10_7_0) AppleWebKit/535.11 (KHTML, like Gecko) Chrome/17.0.963.46 Safari/535.11', '2012-02-13 05:28:22.562695', '2012-02-13 05:28:22.562695');
INSERT INTO heart_details(id, heart_id, user_id, entry_id, url, referrer, responsible_user_id, bookmarklet_version, user_agent, created_at, updated_at) VALUES ('49', '113', '27', '108', 'http://piccsy.com/?page=4', null, '27', '1.0.1', 'Mozilla/5.0 (Macintosh; Intel Mac OS X 10_7_0) AppleWebKit/535.11 (KHTML, like Gecko) Chrome/17.0.963.46 Safari/535.11', '2012-02-13 05:28:29.158847', '2012-02-13 05:28:29.158847');
INSERT INTO heart_details(id, heart_id, user_id, entry_id, url, referrer, responsible_user_id, bookmarklet_version, user_agent, created_at, updated_at) VALUES ('50', '114', '27', '109', 'http://piccsy.com/?page=4', null, '27', '1.0.1', 'Mozilla/5.0 (Macintosh; Intel Mac OS X 10_7_0) AppleWebKit/535.11 (KHTML, like Gecko) Chrome/17.0.963.46 Safari/535.11', '2012-02-13 05:28:37.256166', '2012-02-13 05:28:37.256166');
INSERT INTO heart_details(id, heart_id, user_id, entry_id, url, referrer, responsible_user_id, bookmarklet_version, user_agent, created_at, updated_at) VALUES ('51', '115', '27', '110', 'http://piccsy.com/?page=5', null, '27', '1.0.1', 'Mozilla/5.0 (Macintosh; Intel Mac OS X 10_7_0) AppleWebKit/535.11 (KHTML, like Gecko) Chrome/17.0.963.46 Safari/535.11', '2012-02-13 05:30:16.969327', '2012-02-13 05:30:16.969327');
INSERT INTO heart_details(id, heart_id, user_id, entry_id, url, referrer, responsible_user_id, bookmarklet_version, user_agent, created_at, updated_at) VALUES ('52', '116', '27', '111', 'http://piccsy.com/?page=5', null, '27', '1.0.1', 'Mozilla/5.0 (Macintosh; Intel Mac OS X 10_7_0) AppleWebKit/535.11 (KHTML, like Gecko) Chrome/17.0.963.46 Safari/535.11', '2012-02-13 05:30:31.278545', '2012-02-13 05:30:31.278545');
INSERT INTO heart_details(id, heart_id, user_id, entry_id, url, referrer, responsible_user_id, bookmarklet_version, user_agent, created_at, updated_at) VALUES ('53', '117', '27', '112', 'http://piccsy.com/?page=5', null, '27', '1.0.1', 'Mozilla/5.0 (Macintosh; Intel Mac OS X 10_7_0) AppleWebKit/535.11 (KHTML, like Gecko) Chrome/17.0.963.46 Safari/535.11', '2012-02-13 05:30:43.519931', '2012-02-13 05:30:43.519931');
INSERT INTO heart_details(id, heart_id, user_id, entry_id, url, referrer, responsible_user_id, bookmarklet_version, user_agent, created_at, updated_at) VALUES ('54', '118', '27', '113', 'http://piccsy.com/?page=5', null, '27', '1.0.1', 'Mozilla/5.0 (Macintosh; Intel Mac OS X 10_7_0) AppleWebKit/535.11 (KHTML, like Gecko) Chrome/17.0.963.46 Safari/535.11', '2012-02-13 05:31:35.040293', '2012-02-13 05:31:35.040293');
INSERT INTO heart_details(id, heart_id, user_id, entry_id, url, referrer, responsible_user_id, bookmarklet_version, user_agent, created_at, updated_at) VALUES ('55', '119', '27', '114', 'http://piccsy.com/?page=5', null, '27', '1.0.1', 'Mozilla/5.0 (Macintosh; Intel Mac OS X 10_7_0) AppleWebKit/535.11 (KHTML, like Gecko) Chrome/17.0.963.46 Safari/535.11', '2012-02-13 05:31:45.563761', '2012-02-13 05:31:45.563761');
INSERT INTO heart_details(id, heart_id, user_id, entry_id, url, referrer, responsible_user_id, bookmarklet_version, user_agent, created_at, updated_at) VALUES ('56', '120', '27', '115', 'http://piccsy.com/?page=5', null, '27', '1.0.1', 'Mozilla/5.0 (Macintosh; Intel Mac OS X 10_7_0) AppleWebKit/535.11 (KHTML, like Gecko) Chrome/17.0.963.46 Safari/535.11', '2012-02-13 05:31:51.641489', '2012-02-13 05:31:51.641489');
INSERT INTO heart_details(id, heart_id, user_id, entry_id, url, referrer, responsible_user_id, bookmarklet_version, user_agent, created_at, updated_at) VALUES ('57', '121', '27', '116', 'http://piccsy.com/?page=5', null, '27', '1.0.1', 'Mozilla/5.0 (Macintosh; Intel Mac OS X 10_7_0) AppleWebKit/535.11 (KHTML, like Gecko) Chrome/17.0.963.46 Safari/535.11', '2012-02-13 05:31:59.989673', '2012-02-13 05:31:59.989673');
INSERT INTO heart_details(id, heart_id, user_id, entry_id, url, referrer, responsible_user_id, bookmarklet_version, user_agent, created_at, updated_at) VALUES ('58', '122', '27', '117', 'http://piccsy.com/?page=5', null, '27', '1.0.1', 'Mozilla/5.0 (Macintosh; Intel Mac OS X 10_7_0) AppleWebKit/535.11 (KHTML, like Gecko) Chrome/17.0.963.46 Safari/535.11', '2012-02-13 05:32:07.949487', '2012-02-13 05:32:07.949487');
INSERT INTO heart_details(id, heart_id, user_id, entry_id, url, referrer, responsible_user_id, bookmarklet_version, user_agent, created_at, updated_at) VALUES ('59', '123', '27', '118', 'http://piccsy.com/?page=5', null, '27', '1.0.1', 'Mozilla/5.0 (Macintosh; Intel Mac OS X 10_7_0) AppleWebKit/535.11 (KHTML, like Gecko) Chrome/17.0.963.46 Safari/535.11', '2012-02-13 05:32:59.906148', '2012-02-13 05:32:59.906148');
INSERT INTO heart_details(id, heart_id, user_id, entry_id, url, referrer, responsible_user_id, bookmarklet_version, user_agent, created_at, updated_at) VALUES ('60', '124', '27', '119', 'http://piccsy.com/?page=5', null, '27', '1.0.1', 'Mozilla/5.0 (Macintosh; Intel Mac OS X 10_7_0) AppleWebKit/535.11 (KHTML, like Gecko) Chrome/17.0.963.46 Safari/535.11', '2012-02-13 05:33:05.805608', '2012-02-13 05:33:05.805608');
INSERT INTO heart_details(id, heart_id, user_id, entry_id, url, referrer, responsible_user_id, bookmarklet_version, user_agent, created_at, updated_at) VALUES ('61', '125', '27', '120', 'http://piccsy.com/?page=5', null, '27', '1.0.1', 'Mozilla/5.0 (Macintosh; Intel Mac OS X 10_7_0) AppleWebKit/535.11 (KHTML, like Gecko) Chrome/17.0.963.46 Safari/535.11', '2012-02-13 05:33:12.602010', '2012-02-13 05:33:12.602010');
INSERT INTO heart_details(id, heart_id, user_id, entry_id, url, referrer, responsible_user_id, bookmarklet_version, user_agent, created_at, updated_at) VALUES ('62', '126', '27', '121', 'http://piccsy.com/?page=5', null, '27', '1.0.1', 'Mozilla/5.0 (Macintosh; Intel Mac OS X 10_7_0) AppleWebKit/535.11 (KHTML, like Gecko) Chrome/17.0.963.46 Safari/535.11', '2012-02-13 05:34:10.505878', '2012-02-13 05:34:10.505878');
INSERT INTO heart_details(id, heart_id, user_id, entry_id, url, referrer, responsible_user_id, bookmarklet_version, user_agent, created_at, updated_at) VALUES ('63', '127', '27', '122', 'http://piccsy.com/?page=6', null, '27', '1.0.1', 'Mozilla/5.0 (Macintosh; Intel Mac OS X 10_7_0) AppleWebKit/535.11 (KHTML, like Gecko) Chrome/17.0.963.46 Safari/535.11', '2012-02-13 05:36:48.903883', '2012-02-13 05:36:48.903883');
INSERT INTO heart_details(id, heart_id, user_id, entry_id, url, referrer, responsible_user_id, bookmarklet_version, user_agent, created_at, updated_at) VALUES ('64', '128', '27', '123', 'http://piccsy.com/?page=6', null, '27', '1.0.1', 'Mozilla/5.0 (Macintosh; Intel Mac OS X 10_7_0) AppleWebKit/535.11 (KHTML, like Gecko) Chrome/17.0.963.46 Safari/535.11', '2012-02-13 05:36:58.195051', '2012-02-13 05:36:58.195051');
INSERT INTO heart_details(id, heart_id, user_id, entry_id, url, referrer, responsible_user_id, bookmarklet_version, user_agent, created_at, updated_at) VALUES ('65', '129', '28', '124', 'http://piccsy.com/?page=6', null, '28', '1.0.1', 'Mozilla/5.0 (Macintosh; Intel Mac OS X 10_7_0) AppleWebKit/535.11 (KHTML, like Gecko) Chrome/17.0.963.46 Safari/535.11', '2012-02-13 05:37:46.913725', '2012-02-13 05:37:46.913725');
INSERT INTO heart_details(id, heart_id, user_id, entry_id, url, referrer, responsible_user_id, bookmarklet_version, user_agent, created_at, updated_at) VALUES ('66', '130', '28', '125', 'http://piccsy.com/?page=6', null, '28', '1.0.1', 'Mozilla/5.0 (Macintosh; Intel Mac OS X 10_7_0) AppleWebKit/535.11 (KHTML, like Gecko) Chrome/17.0.963.46 Safari/535.11', '2012-02-13 05:37:52.134214', '2012-02-13 05:37:52.134214');
INSERT INTO heart_details(id, heart_id, user_id, entry_id, url, referrer, responsible_user_id, bookmarklet_version, user_agent, created_at, updated_at) VALUES ('67', '131', '28', '126', 'http://piccsy.com/?page=6', null, '28', '1.0.1', 'Mozilla/5.0 (Macintosh; Intel Mac OS X 10_7_0) AppleWebKit/535.11 (KHTML, like Gecko) Chrome/17.0.963.46 Safari/535.11', '2012-02-13 05:37:58.430787', '2012-02-13 05:37:58.430787');
INSERT INTO heart_details(id, heart_id, user_id, entry_id, url, referrer, responsible_user_id, bookmarklet_version, user_agent, created_at, updated_at) VALUES ('68', '132', '28', '127', 'http://piccsy.com/?page=6', null, '28', '1.0.1', 'Mozilla/5.0 (Macintosh; Intel Mac OS X 10_7_0) AppleWebKit/535.11 (KHTML, like Gecko) Chrome/17.0.963.46 Safari/535.11', '2012-02-13 05:39:14.252498', '2012-02-13 05:39:14.252498');
INSERT INTO heart_details(id, heart_id, user_id, entry_id, url, referrer, responsible_user_id, bookmarklet_version, user_agent, created_at, updated_at) VALUES ('69', '133', '28', '128', 'http://piccsy.com/?page=6', null, '28', '1.0.1', 'Mozilla/5.0 (Macintosh; Intel Mac OS X 10_7_0) AppleWebKit/535.11 (KHTML, like Gecko) Chrome/17.0.963.46 Safari/535.11', '2012-02-13 05:39:20.181211', '2012-02-13 05:39:20.181211');
INSERT INTO heart_details(id, heart_id, user_id, entry_id, url, referrer, responsible_user_id, bookmarklet_version, user_agent, created_at, updated_at) VALUES ('70', '134', '28', '129', 'http://piccsy.com/?page=6', null, '28', '1.0.1', 'Mozilla/5.0 (Macintosh; Intel Mac OS X 10_7_0) AppleWebKit/535.11 (KHTML, like Gecko) Chrome/17.0.963.46 Safari/535.11', '2012-02-13 05:39:26.029763', '2012-02-13 05:39:26.029763');
INSERT INTO heart_details(id, heart_id, user_id, entry_id, url, referrer, responsible_user_id, bookmarklet_version, user_agent, created_at, updated_at) VALUES ('71', '135', '28', '130', 'http://piccsy.com/?page=6', null, '28', '1.0.1', 'Mozilla/5.0 (Macintosh; Intel Mac OS X 10_7_0) AppleWebKit/535.11 (KHTML, like Gecko) Chrome/17.0.963.46 Safari/535.11', '2012-02-13 05:39:34.217850', '2012-02-13 05:39:34.217850');
INSERT INTO heart_details(id, heart_id, user_id, entry_id, url, referrer, responsible_user_id, bookmarklet_version, user_agent, created_at, updated_at) VALUES ('72', '136', '28', '131', 'http://piccsy.com/?page=6', null, '28', '1.0.1', 'Mozilla/5.0 (Macintosh; Intel Mac OS X 10_7_0) AppleWebKit/535.11 (KHTML, like Gecko) Chrome/17.0.963.46 Safari/535.11', '2012-02-13 05:39:42.720078', '2012-02-13 05:39:42.720078');
INSERT INTO heart_details(id, heart_id, user_id, entry_id, url, referrer, responsible_user_id, bookmarklet_version, user_agent, created_at, updated_at) VALUES ('73', '137', '28', '132', 'http://piccsy.com/?page=6', null, '28', '1.0.1', 'Mozilla/5.0 (Macintosh; Intel Mac OS X 10_7_0) AppleWebKit/535.11 (KHTML, like Gecko) Chrome/17.0.963.46 Safari/535.11', '2012-02-13 05:39:51.168437', '2012-02-13 05:39:51.168437');
INSERT INTO heart_details(id, heart_id, user_id, entry_id, url, referrer, responsible_user_id, bookmarklet_version, user_agent, created_at, updated_at) VALUES ('74', '138', '28', '133', 'http://piccsy.com/?page=6', null, '28', '1.0.1', 'Mozilla/5.0 (Macintosh; Intel Mac OS X 10_7_0) AppleWebKit/535.11 (KHTML, like Gecko) Chrome/17.0.963.46 Safari/535.11', '2012-02-13 05:41:21.424122', '2012-02-13 05:41:21.424122');
INSERT INTO heart_details(id, heart_id, user_id, entry_id, url, referrer, responsible_user_id, bookmarklet_version, user_agent, created_at, updated_at) VALUES ('75', '139', '28', '134', 'http://piccsy.com/?page=6', null, '28', '1.0.1', 'Mozilla/5.0 (Macintosh; Intel Mac OS X 10_7_0) AppleWebKit/535.11 (KHTML, like Gecko) Chrome/17.0.963.46 Safari/535.11', '2012-02-13 05:41:27.178746', '2012-02-13 05:41:27.178746');
INSERT INTO heart_details(id, heart_id, user_id, entry_id, url, referrer, responsible_user_id, bookmarklet_version, user_agent, created_at, updated_at) VALUES ('76', '140', '28', '135', 'http://piccsy.com/?page=6', null, '28', '1.0.1', 'Mozilla/5.0 (Macintosh; Intel Mac OS X 10_7_0) AppleWebKit/535.11 (KHTML, like Gecko) Chrome/17.0.963.46 Safari/535.11', '2012-02-13 05:41:33.315445', '2012-02-13 05:41:33.315445');
INSERT INTO heart_details(id, heart_id, user_id, entry_id, url, referrer, responsible_user_id, bookmarklet_version, user_agent, created_at, updated_at) VALUES ('77', '141', '28', '136', 'http://piccsy.com/?page=6', null, '28', '1.0.1', 'Mozilla/5.0 (Macintosh; Intel Mac OS X 10_7_0) AppleWebKit/535.11 (KHTML, like Gecko) Chrome/17.0.963.46 Safari/535.11', '2012-02-13 05:42:10.823994', '2012-02-13 05:42:10.823994');
INSERT INTO heart_details(id, heart_id, user_id, entry_id, url, referrer, responsible_user_id, bookmarklet_version, user_agent, created_at, updated_at) VALUES ('78', '142', '28', '137', 'http://piccsy.com/?page=6', null, '28', '1.0.1', 'Mozilla/5.0 (Macintosh; Intel Mac OS X 10_7_0) AppleWebKit/535.11 (KHTML, like Gecko) Chrome/17.0.963.46 Safari/535.11', '2012-02-13 05:42:16.650541', '2012-02-13 05:42:16.650541');
INSERT INTO heart_details(id, heart_id, user_id, entry_id, url, referrer, responsible_user_id, bookmarklet_version, user_agent, created_at, updated_at) VALUES ('79', '143', '28', '138', 'http://piccsy.com/?page=6', null, '28', '1.0.1', 'Mozilla/5.0 (Macintosh; Intel Mac OS X 10_7_0) AppleWebKit/535.11 (KHTML, like Gecko) Chrome/17.0.963.46 Safari/535.11', '2012-02-13 05:42:23.788089', '2012-02-13 05:42:23.788089');
INSERT INTO heart_details(id, heart_id, user_id, entry_id, url, referrer, responsible_user_id, bookmarklet_version, user_agent, created_at, updated_at) VALUES ('80', '144', '28', '139', 'http://piccsy.com/?page=6', null, '28', '1.0.1', 'Mozilla/5.0 (Macintosh; Intel Mac OS X 10_7_0) AppleWebKit/535.11 (KHTML, like Gecko) Chrome/17.0.963.46 Safari/535.11', '2012-02-13 05:42:57.082546', '2012-02-13 05:42:57.082546');
INSERT INTO heart_details(id, heart_id, user_id, entry_id, url, referrer, responsible_user_id, bookmarklet_version, user_agent, created_at, updated_at) VALUES ('81', '145', '28', '140', 'http://piccsy.com/?page=6', null, '28', '1.0.1', 'Mozilla/5.0 (Macintosh; Intel Mac OS X 10_7_0) AppleWebKit/535.11 (KHTML, like Gecko) Chrome/17.0.963.46 Safari/535.11', '2012-02-13 05:43:08.766132', '2012-02-13 05:43:08.766132');
INSERT INTO heart_details(id, heart_id, user_id, entry_id, url, referrer, responsible_user_id, bookmarklet_version, user_agent, created_at, updated_at) VALUES ('82', '146', '28', '141', 'http://piccsy.com/?page=7', null, '28', '1.0.1', 'Mozilla/5.0 (Macintosh; Intel Mac OS X 10_7_0) AppleWebKit/535.11 (KHTML, like Gecko) Chrome/17.0.963.46 Safari/535.11', '2012-02-13 05:44:35.487355', '2012-02-13 05:44:35.487355');
INSERT INTO heart_details(id, heart_id, user_id, entry_id, url, referrer, responsible_user_id, bookmarklet_version, user_agent, created_at, updated_at) VALUES ('83', '147', '28', '142', 'http://piccsy.com/?page=7', null, '28', '1.0.1', 'Mozilla/5.0 (Macintosh; Intel Mac OS X 10_7_0) AppleWebKit/535.11 (KHTML, like Gecko) Chrome/17.0.963.46 Safari/535.11', '2012-02-13 05:48:33.958695', '2012-02-13 05:48:33.958695');
INSERT INTO heart_details(id, heart_id, user_id, entry_id, url, referrer, responsible_user_id, bookmarklet_version, user_agent, created_at, updated_at) VALUES ('84', '148', '28', '143', 'http://piccsy.com/?page=7', null, '28', '1.0.1', 'Mozilla/5.0 (Macintosh; Intel Mac OS X 10_7_0) AppleWebKit/535.11 (KHTML, like Gecko) Chrome/17.0.963.46 Safari/535.11', '2012-02-13 05:48:39.986735', '2012-02-13 05:48:39.986735');
INSERT INTO heart_details(id, heart_id, user_id, entry_id, url, referrer, responsible_user_id, bookmarklet_version, user_agent, created_at, updated_at) VALUES ('85', '149', '29', '144', 'http://piccsy.com/?page=7', null, '29', '1.0.1', 'Mozilla/5.0 (Macintosh; Intel Mac OS X 10_7_0) AppleWebKit/535.11 (KHTML, like Gecko) Chrome/17.0.963.46 Safari/535.11', '2012-02-13 05:48:45.133564', '2012-02-13 05:48:45.133564');
INSERT INTO heart_details(id, heart_id, user_id, entry_id, url, referrer, responsible_user_id, bookmarklet_version, user_agent, created_at, updated_at) VALUES ('86', '150', '29', '145', 'http://piccsy.com/?page=7', null, '29', '1.0.1', 'Mozilla/5.0 (Macintosh; Intel Mac OS X 10_7_0) AppleWebKit/535.11 (KHTML, like Gecko) Chrome/17.0.963.46 Safari/535.11', '2012-02-13 05:49:30.137714', '2012-02-13 05:49:30.137714');
INSERT INTO heart_details(id, heart_id, user_id, entry_id, url, referrer, responsible_user_id, bookmarklet_version, user_agent, created_at, updated_at) VALUES ('87', '151', '29', '146', 'http://piccsy.com/?page=7', null, '29', '1.0.1', 'Mozilla/5.0 (Macintosh; Intel Mac OS X 10_7_0) AppleWebKit/535.11 (KHTML, like Gecko) Chrome/17.0.963.46 Safari/535.11', '2012-02-13 05:49:36.729246', '2012-02-13 05:49:36.729246');
INSERT INTO heart_details(id, heart_id, user_id, entry_id, url, referrer, responsible_user_id, bookmarklet_version, user_agent, created_at, updated_at) VALUES ('88', '152', '29', '147', 'http://piccsy.com/?page=7', null, '29', '1.0.1', 'Mozilla/5.0 (Macintosh; Intel Mac OS X 10_7_0) AppleWebKit/535.11 (KHTML, like Gecko) Chrome/17.0.963.46 Safari/535.11', '2012-02-13 05:49:43.129195', '2012-02-13 05:49:43.129195');
INSERT INTO heart_details(id, heart_id, user_id, entry_id, url, referrer, responsible_user_id, bookmarklet_version, user_agent, created_at, updated_at) VALUES ('89', '153', '29', '148', 'http://piccsy.com/?page=7', null, '29', '1.0.1', 'Mozilla/5.0 (Macintosh; Intel Mac OS X 10_7_0) AppleWebKit/535.11 (KHTML, like Gecko) Chrome/17.0.963.46 Safari/535.11', '2012-02-13 05:50:10.191236', '2012-02-13 05:50:10.191236');
INSERT INTO heart_details(id, heart_id, user_id, entry_id, url, referrer, responsible_user_id, bookmarklet_version, user_agent, created_at, updated_at) VALUES ('90', '154', '29', '149', 'http://piccsy.com/?page=7', null, '29', '1.0.1', 'Mozilla/5.0 (Macintosh; Intel Mac OS X 10_7_0) AppleWebKit/535.11 (KHTML, like Gecko) Chrome/17.0.963.46 Safari/535.11', '2012-02-13 05:50:28.689535', '2012-02-13 05:50:28.689535');
INSERT INTO heart_details(id, heart_id, user_id, entry_id, url, referrer, responsible_user_id, bookmarklet_version, user_agent, created_at, updated_at) VALUES ('91', '155', '29', '150', 'http://piccsy.com/?page=7', null, '29', '1.0.1', 'Mozilla/5.0 (Macintosh; Intel Mac OS X 10_7_0) AppleWebKit/535.11 (KHTML, like Gecko) Chrome/17.0.963.46 Safari/535.11', '2012-02-13 05:50:45.033387', '2012-02-13 05:50:45.033387');
INSERT INTO heart_details(id, heart_id, user_id, entry_id, url, referrer, responsible_user_id, bookmarklet_version, user_agent, created_at, updated_at) VALUES ('92', '156', '29', '151', 'http://piccsy.com/?page=7', null, '29', '1.0.1', 'Mozilla/5.0 (Macintosh; Intel Mac OS X 10_7_0) AppleWebKit/535.11 (KHTML, like Gecko) Chrome/17.0.963.46 Safari/535.11', '2012-02-13 05:50:57.163357', '2012-02-13 05:50:57.163357');
INSERT INTO heart_details(id, heart_id, user_id, entry_id, url, referrer, responsible_user_id, bookmarklet_version, user_agent, created_at, updated_at) VALUES ('93', '157', '29', '152', 'http://piccsy.com/?page=8', null, '29', '1.0.1', 'Mozilla/5.0 (Macintosh; Intel Mac OS X 10_7_0) AppleWebKit/535.11 (KHTML, like Gecko) Chrome/17.0.963.46 Safari/535.11', '2012-02-13 05:53:44.879667', '2012-02-13 05:53:44.879667');
INSERT INTO heart_details(id, heart_id, user_id, entry_id, url, referrer, responsible_user_id, bookmarklet_version, user_agent, created_at, updated_at) VALUES ('94', '158', '29', '153', 'http://piccsy.com/?page=8', null, '29', '1.0.1', 'Mozilla/5.0 (Macintosh; Intel Mac OS X 10_7_0) AppleWebKit/535.11 (KHTML, like Gecko) Chrome/17.0.963.46 Safari/535.11', '2012-02-13 05:53:56.502415', '2012-02-13 05:53:56.502415');
INSERT INTO heart_details(id, heart_id, user_id, entry_id, url, referrer, responsible_user_id, bookmarklet_version, user_agent, created_at, updated_at) VALUES ('95', '159', '29', '154', 'http://piccsy.com/?page=8', null, '29', '1.0.1', 'Mozilla/5.0 (Macintosh; Intel Mac OS X 10_7_0) AppleWebKit/535.11 (KHTML, like Gecko) Chrome/17.0.963.46 Safari/535.11', '2012-02-13 05:54:13.117712', '2012-02-13 05:54:13.117712');
INSERT INTO heart_details(id, heart_id, user_id, entry_id, url, referrer, responsible_user_id, bookmarklet_version, user_agent, created_at, updated_at) VALUES ('96', '160', '29', '155', 'http://piccsy.com/?page=8', null, '29', '1.0.1', 'Mozilla/5.0 (Macintosh; Intel Mac OS X 10_7_0) AppleWebKit/535.11 (KHTML, like Gecko) Chrome/17.0.963.46 Safari/535.11', '2012-02-13 05:54:26.521695', '2012-02-13 05:54:26.521695');
INSERT INTO heart_details(id, heart_id, user_id, entry_id, url, referrer, responsible_user_id, bookmarklet_version, user_agent, created_at, updated_at) VALUES ('97', '161', '29', '156', 'http://piccsy.com/?page=8', null, '29', '1.0.1', 'Mozilla/5.0 (Macintosh; Intel Mac OS X 10_7_0) AppleWebKit/535.11 (KHTML, like Gecko) Chrome/17.0.963.46 Safari/535.11', '2012-02-13 05:54:44.986497', '2012-02-13 05:54:44.986497');
INSERT INTO heart_details(id, heart_id, user_id, entry_id, url, referrer, responsible_user_id, bookmarklet_version, user_agent, created_at, updated_at) VALUES ('98', '162', '29', '157', 'http://piccsy.com/?page=8', null, '29', '1.0.1', 'Mozilla/5.0 (Macintosh; Intel Mac OS X 10_7_0) AppleWebKit/535.11 (KHTML, like Gecko) Chrome/17.0.963.46 Safari/535.11', '2012-02-13 05:54:59.644285', '2012-02-13 05:54:59.644285');
INSERT INTO heart_details(id, heart_id, user_id, entry_id, url, referrer, responsible_user_id, bookmarklet_version, user_agent, created_at, updated_at) VALUES ('99', '163', '29', '158', 'http://piccsy.com/?page=8', null, '29', '1.0.1', 'Mozilla/5.0 (Macintosh; Intel Mac OS X 10_7_0) AppleWebKit/535.11 (KHTML, like Gecko) Chrome/17.0.963.46 Safari/535.11', '2012-02-13 05:55:14.832159', '2012-02-13 05:55:14.832159');
INSERT INTO heart_details(id, heart_id, user_id, entry_id, url, referrer, responsible_user_id, bookmarklet_version, user_agent, created_at, updated_at) VALUES ('100', '164', '29', '159', 'http://piccsy.com/?page=8', null, '29', '1.0.1', 'Mozilla/5.0 (Macintosh; Intel Mac OS X 10_7_0) AppleWebKit/535.11 (KHTML, like Gecko) Chrome/17.0.963.46 Safari/535.11', '2012-02-13 05:55:25.883931', '2012-02-13 05:55:25.883931');
INSERT INTO heart_details(id, heart_id, user_id, entry_id, url, referrer, responsible_user_id, bookmarklet_version, user_agent, created_at, updated_at) VALUES ('101', '165', '29', '160', 'http://piccsy.com/?page=8', null, '29', '1.0.1', 'Mozilla/5.0 (Macintosh; Intel Mac OS X 10_7_0) AppleWebKit/535.11 (KHTML, like Gecko) Chrome/17.0.963.46 Safari/535.11', '2012-02-13 05:56:01.813808', '2012-02-13 05:56:01.813808');
INSERT INTO heart_details(id, heart_id, user_id, entry_id, url, referrer, responsible_user_id, bookmarklet_version, user_agent, created_at, updated_at) VALUES ('102', '166', '29', '161', 'http://piccsy.com/?page=8', null, '29', '1.0.1', 'Mozilla/5.0 (Macintosh; Intel Mac OS X 10_7_0) AppleWebKit/535.11 (KHTML, like Gecko) Chrome/17.0.963.46 Safari/535.11', '2012-02-13 05:56:07.821406', '2012-02-13 05:56:07.821406');
INSERT INTO heart_details(id, heart_id, user_id, entry_id, url, referrer, responsible_user_id, bookmarklet_version, user_agent, created_at, updated_at) VALUES ('103', '167', '29', '162', 'http://piccsy.com/?page=8', null, '29', '1.0.1', 'Mozilla/5.0 (Macintosh; Intel Mac OS X 10_7_0) AppleWebKit/535.11 (KHTML, like Gecko) Chrome/17.0.963.46 Safari/535.11', '2012-02-13 05:58:25.215180', '2012-02-13 05:58:25.215180');
INSERT INTO heart_details(id, heart_id, user_id, entry_id, url, referrer, responsible_user_id, bookmarklet_version, user_agent, created_at, updated_at) VALUES ('104', '168', '29', '163', 'http://piccsy.com/?page=8', null, '29', '1.0.1', 'Mozilla/5.0 (Macintosh; Intel Mac OS X 10_7_0) AppleWebKit/535.11 (KHTML, like Gecko) Chrome/17.0.963.46 Safari/535.11', '2012-02-13 05:58:34.441209', '2012-02-13 05:58:34.441209');
INSERT INTO heart_details(id, heart_id, user_id, entry_id, url, referrer, responsible_user_id, bookmarklet_version, user_agent, created_at, updated_at) VALUES ('105', '169', '29', '164', 'http://piccsy.com/?page=8', null, '29', '1.0.1', 'Mozilla/5.0 (Macintosh; Intel Mac OS X 10_7_0) AppleWebKit/535.11 (KHTML, like Gecko) Chrome/17.0.963.46 Safari/535.11', '2012-02-13 05:58:52.098909', '2012-02-13 05:58:52.098909');